train_id,date,rolling_stock_cert_valid_till,signalling_cert_valid_till,telecom_cert_valid_till,jobcard_open_count,branding_priority_hours,mileage_last_7days_km,mileage_total_km,cleaning_slot_required,cleaning_slot_available,stabling_bay,stabling_swap_cost,predicted_failure_score,last_maintenance_days_ago,status_override,notes,brand_sponsor,depot_status,fit_score_100,fit_flag,score_card
T01,2025-09-01,2025-10-11,2025-09-17,2025-09-19,0,0,315.5,56754,False,False,2,33.54,0.197,38,,,Pepsi,Running,80,1,0.402
T02,2025-09-01,2025-09-02,2025-09-04,2025-11-27,5,8,214.8,61360,False,False,9,3.69,0.169,66,hold_for_maintenance,Auto-hold due to jobcards/high failure,Amazon,Running,80,0,0.0
T03,2025-09-01,2025-11-12,2025-10-04,2025-09-30,0,0,307.8,54193,False,False,11,14.14,0.241,365,,,Pepsi,Depot B,90,1,0.78
T04,2025-09-01,2025-10-08,2025-10-18,2025-11-22,4,24,155.6,28193,False,False,8,20.55,0.096,359,hold_for_maintenance,Auto-hold due to jobcards/high failure,CocaCola,Running,80,0,0.0
T05,2025-09-01,2025-10-22,2025-10-24,2025-09-04,0,24,214.9,50101,False,False,14,4.2,0.293,363,,,Jio,Running,80,1,0.504
T06,2025-09-01,2025-09-11,2025-09-03,2025-09-14,2,0,264.8,69294,False,False,15,3.48,0.096,365,,,Jio,Depot B,85,1,0.702
T07,2025-09-01,2025-09-09,2025-10-13,2025-10-28,5,0,263.7,53282,False,False,7,8.89,0.305,44,hold_for_maintenance,Auto-hold due to jobcards/high failure,Tata Motors,Running,60,0,0.0
T08,2025-09-01,2025-09-24,2025-09-12,2025-11-29,0,0,321.8,63585,True,True,2,11.48,0.115,60,,,CocaCola,Running,80,1,0.443
T09,2025-09-01,2025-09-27,2025-09-08,2025-11-28,0,0,182.3,31913,False,False,3,3.0,0.241,352,,,Infosys,Depot B,90,1,0.78
T10,2025-09-01,2025-10-30,2025-09-01,2025-09-14,1,8,207.2,52923,True,False,11,12.85,0.056,371,,,CocaCola,Depot A,85,1,0.722
T11,2025-09-01,2025-11-30,2025-09-16,2025-09-06,0,12,450.4,34000,True,True,8,23.28,0.005,48,,,Amazon,Depot B,95,1,1.0
T12,2025-09-01,2025-10-12,2025-09-22,2025-10-03,0,0,138.1,11251,False,False,11,17.73,0.006,198,,,Google,Depot B,90,1,0.897
T13,2025-09-01,2025-10-29,2025-09-18,2025-10-15,1,0,426.9,66829,False,False,15,2.26,0.3,400,,,Tata Motors,Depot B,65,1,0.45
T14,2025-09-01,2025-10-11,2025-10-02,2025-10-29,2,0,184.1,64429,False,False,7,5.35,0.243,284,,,Airtel,Running,75,1,0.229
T15,2025-09-01,2025-09-16,2025-09-13,2025-09-22,4,0,201.8,42459,False,False,1,29.77,0.0,155,hold_for_maintenance,Auto-hold due to jobcards/high failure,Amazon,Depot A,80,0,0.0
T16,2025-09-01,2025-11-21,2025-10-27,2025-10-30,0,0,251.0,76960,False,False,14,17.69,0.427,42,,,Amazon,Depot A,80,1,0.587
T17,2025-09-01,2025-11-18,2025-10-30,2025-09-01,1,24,237.7,28306,False,False,10,6.22,0.071,245,,,Jio,Depot A,95,1,1.0
T18,2025-09-01,2025-10-02,2025-10-27,2025-09-18,1,0,179.5,61620,False,False,2,0.29,0.233,12,,,Infosys,Running,75,1,0.283
T19,2025-09-01,2025-10-18,2025-09-14,2025-11-02,1,0,276.9,38533,False,False,6,4.26,0.036,245,,,Google,Depot B,85,1,0.782
T20,2025-09-01,2025-11-18,2025-10-06,2025-09-23,2,24,282.4,67789,False,False,3,8.11,0.113,162,,,Jio,Depot B,95,1,0.944
T21,2025-09-01,2025-09-06,2025-09-27,2025-09-28,0,8,377.7,42152,False,False,1,3.65,0.098,31,,,Amazon,Depot A,100,1,1.0
T22,2025-09-01,2025-10-04,2025-09-07,2025-09-21,1,0,327.7,36929,False,False,6,23.22,0.261,381,,,Infosys,Depot A,75,1,0.569
T23,2025-09-01,2025-11-09,2025-09-30,2025-09-23,4,0,178.4,4205,False,False,10,1.11,0.593,72,hold_for_maintenance,Auto-hold due to jobcards/high failure,Infosys,Running,50,0,0.0
T24,2025-09-01,2025-09-08,2025-10-01,2025-09-19,0,12,255.1,66367,False,False,7,12.71,0.157,137,,,Jio,Depot A,100,1,1.0
T25,2025-09-01,2025-11-03,2025-09-01,2025-09-05,0,12,403.1,46065,False,False,7,5.27,0.023,46,,,Infosys,Depot A,95,1,1.0
T01,2025-09-02,2025-11-12,2025-10-22,2025-09-06,0,4,391.3,35698,False,False,14,21.38,0.111,358,,,Jio,Depot A,100,1,1.0
T02,2025-09-02,2025-10-02,2025-09-13,2025-10-11,3,8,206.9,46318,False,False,12,17.36,0.327,84,,,CocaCola,Running,70,1,0.236
T03,2025-09-02,2025-09-15,2025-09-06,2025-09-15,0,0,241.7,50075,False,False,2,8.4,0.138,375,,,Amazon,Depot B,90,1,0.831
T04,2025-09-02,2025-11-13,2025-10-10,2025-09-21,1,24,206.8,45814,False,False,15,15.62,0.087,190,,,Infosys,Depot B,95,1,1.0
T05,2025-09-02,2025-10-19,2025-10-15,2025-11-13,0,0,311.6,56437,False,False,11,5.63,0.067,66,,,Airtel,Running,80,1,0.467
T06,2025-09-02,2025-09-23,2025-09-06,2025-09-07,2,0,265.9,67303,False,False,3,6.51,0.214,190,,,Google,Depot A,85,1,0.643
T07,2025-09-02,2025-10-28,2025-09-25,2025-11-09,1,0,264.9,27923,True,True,9,0.88,0.013,108,,,Google,Depot B,85,1,0.793
T08,2025-09-02,2025-11-09,2025-10-31,2025-11-20,0,0,353.3,48803,True,False,5,15.51,0.142,329,,,Jio,Depot A,80,1,0.529
T09,2025-09-02,2025-09-21,2025-09-10,2025-11-26,0,0,172.1,53420,False,False,2,4.79,0.137,191,hold_for_maintenance,Auto-hold due to jobcards/high failure,Pepsi,Running,80,0,0.0
T10,2025-09-02,2025-09-11,2025-09-10,2025-09-14,0,24,308.5,66888,False,False,9,17.42,0.025,21,,,Infosys,Depot A,100,1,1.0
T11,2025-09-02,2025-11-08,2025-09-07,2025-09-14,0,0,339.3,54983,False,False,15,22.6,0.268,335,,,Google,Running,70,1,0.266
T12,2025-09-02,2025-09-20,2025-09-03,2025-09-10,1,8,334.4,27656,False,False,14,5.77,0.067,44,,,CocaCola,Depot B,95,1,1.0
T13,2025-09-02,2025-11-02,2025-09-01,2025-09-07,2,4,176.4,53029,False,False,9,14.48,0.254,117,,,Google,Depot B,55,0,0.473
T14,2025-09-02,2025-09-27,2025-10-18,2025-10-05,0,12,158.7,51691,False,False,3,12.84,0.272,262,,,Tata Motors,Depot B,90,1,0.914
T15,2025-09-02,2025-10-21,2025-10-19,2025-10-26,0,0,215.4,38552,True,False,5,6.56,0.096,217,,,CocaCola,Depot A,80,1,0.552
T16,2025-09-02,2025-10-25,2025-09-04,2025-11-25,1,4,474.4,46124,False,False,12,19.49,0.252,398,,,CocaCola,Depot B,80,1,0.774
T17,2025-09-02,2025-11-11,2025-10-21,2025-09-07,0,0,324.6,4421,False,False,1,5.54,0.086,392,,,Tata Motors,Depot A,90,1,0.857
T18,2025-09-02,2025-11-14,2025-09-16,2025-09-13,2,0,348.6,42958,False,False,15,12.22,0.189,268,,,CocaCola,Running,75,1,0.256
T19,2025-09-02,2025-10-15,2025-10-07,2025-11-10,2,0,79.1,46205,False,False,12,5.22,0.298,130,hold_for_maintenance,Auto-hold due to jobcards/high failure,Amazon,Depot B,75,0,0.0
T20,2025-09-02,2025-09-02,2025-10-25,2025-10-08,0,0,410.3,53809,False,False,14,4.73,0.214,50,,,Google,Running,75,1,0.343
T21,2025-09-02,2025-09-07,2025-09-26,2025-11-02,2,0,178.4,29618,False,False,7,17.05,0.205,74,,,Pepsi,Depot B,85,1,0.647
T22,2025-09-02,2025-11-06,2025-10-13,2025-10-09,0,8,407.8,68346,False,False,10,8.68,0.099,120,,,CocaCola,Depot A,90,1,1.0
T23,2025-09-02,2025-09-29,2025-09-03,2025-10-17,0,0,300.8,56110,False,False,13,3.71,0.169,360,,,Amazon,Depot A,90,1,0.816
T24,2025-09-02,2025-10-07,2025-09-17,2025-11-13,0,0,296.6,43218,False,False,6,11.08,0.126,181,,,CocaCola,Depot B,90,1,0.837
T25,2025-09-02,2025-10-01,2025-10-07,2025-10-04,4,24,243.5,39300,True,True,11,8.01,0.731,232,hold_for_maintenance,Auto-hold due to jobcards/high failure,Airtel,Depot A,70,0,0.0
T01,2025-09-03,2025-09-24,2025-10-09,2025-10-26,0,24,291.6,61012,False,False,12,4.59,0.126,120,,,CocaCola,Depot A,100,1,1.0
T02,2025-09-03,2025-09-23,2025-09-04,2025-08-29,0,0,374.5,61056,True,True,8,6.83,0.145,50,,,CocaCola,Running,50,0,0.128
T03,2025-09-03,2025-11-20,2025-09-10,2025-11-28,4,24,251.7,25052,False,False,2,19.67,0.459,238,hold_for_maintenance,Auto-hold due to jobcards/high failure,Google,Depot A,80,0,0.0
T04,2025-09-03,2025-11-04,2025-10-06,2025-10-12,0,0,379.9,78031,False,False,15,16.86,0.44,284,,,CocaCola,Depot A,80,1,0.58
T05,2025-09-03,2025-09-25,2025-09-05,2025-08-27,0,0,195.8,46468,False,False,6,9.32,0.238,260,,,Jio,Running,50,0,0.081
T06,2025-09-03,2025-09-03,2025-09-28,2025-10-04,0,0,262.9,50703,False,False,8,13.93,0.173,270,,,Amazon,Depot A,90,1,0.814
T07,2025-09-03,2025-09-09,2025-09-30,2025-11-07,3,12,392.5,37088,False,False,10,3.06,0.359,169,,,Jio,Running,70,1,0.22
T08,2025-09-03,2025-09-18,2025-10-13,2025-11-01,0,0,273.5,80702,False,False,9,5.23,0.457,390,,,Airtel,Depot B,80,1,0.572
T09,2025-09-03,2025-11-27,2025-09-18,2025-10-06,0,0,420.4,88529,False,False,2,5.72,0.41,239,,,Airtel,Depot A,70,1,0.495
T10,2025-09-03,2025-09-02,2025-10-03,2025-10-27,1,24,266.0,97016,False,False,2,16.44,0.502,238,,,Infosys,Depot A,45,0,0.299
T11,2025-09-03,2025-09-28,2025-09-26,2025-09-16,5,0,418.2,42852,False,False,12,10.3,0.661,155,hold_for_maintenance,Auto-hold due to jobcards/high failure,Pepsi,Running,45,0,0.0
T12,2025-09-03,2025-09-04,2025-10-08,2025-10-06,0,0,314.2,55200,False,False,4,8.56,0.243,253,,,Tata Motors,Depot B,90,1,0.778
T13,2025-09-03,2025-10-26,2025-10-10,2025-08-29,1,0,403.2,19567,False,False,6,23.35,0.127,213,,,Pepsi,Running,40,0,0.0
T14,2025-09-03,2025-11-20,2025-10-30,2025-11-30,0,4,165.6,46999,False,False,11,6.64,0.163,250,,,Google,Running,90,1,0.669
T15,2025-09-03,2025-11-10,2025-09-25,2025-10-08,0,24,345.4,79130,False,False,6,5.38,0.505,216,,,Pepsi,Depot B,80,1,0.698
T16,2025-09-03,2025-11-23,2025-09-28,2025-10-21,0,0,194.0,84026,False,False,8,12.71,0.417,218,,,Amazon,Depot A,80,1,0.592
T17,2025-09-03,2025-09-23,2025-10-09,2025-11-03,4,0,273.7,56458,True,True,8,15.45,0.654,303,hold_for_maintenance,Auto-hold due to jobcards/high failure,CocaCola,Depot A,60,0,0.0
T18,2025-09-03,2025-09-27,2025-09-23,2025-11-15,2,0,532.4,69410,False,False,11,15.65,0.233,275,,,Infosys,Depot A,75,1,0.533
T19,2025-09-03,2025-09-26,2025-10-18,2025-10-12,2,0,383.6,40066,False,False,6,3.17,0.174,334,,,Pepsi,Depot B,85,1,0.663
T20,2025-09-03,2025-10-03,2025-10-09,2025-10-09,0,0,435.3,54449,False,False,2,1.52,0.007,152,,,Airtel,Depot A,85,1,0.847
T21,2025-09-03,2025-10-10,2025-09-03,2025-09-07,1,0,225.7,76261,False,False,6,17.04,0.544,244,,,Infosys,Running,55,0,0.0
T22,2025-09-03,2025-10-23,2025-09-06,2025-11-23,1,4,451.7,51340,False,False,8,19.34,0.175,78,,,Pepsi,Depot B,90,1,0.912
T23,2025-09-03,2025-10-18,2025-10-25,2025-11-24,0,12,463.0,73034,False,False,4,0.1,0.32,316,,,Amazon,Depot B,80,1,0.79
T24,2025-09-03,2025-10-22,2025-09-12,2025-10-07,2,24,202.2,43241,False,False,1,28.23,0.236,319,,,Airtel,Running,85,1,0.482
T25,2025-09-03,2025-09-14,2025-10-15,2025-11-09,5,12,293.7,23151,False,False,5,11.18,0.682,299,hold_for_maintenance,Auto-hold due to jobcards/high failure,Jio,Depot B,70,0,0.0
T01,2025-09-04,2025-10-05,2025-09-05,2025-10-16,5,0,313.7,63649,False,False,14,19.75,0.208,150,hold_for_maintenance,Auto-hold due to jobcards/high failure,Amazon,Depot B,80,0,0.0
T02,2025-09-04,2025-11-29,2025-09-01,2025-11-17,0,0,323.5,58528,True,False,2,4.68,0.265,272,,,CocaCola,Depot B,40,0,0.068
T03,2025-09-04,2025-10-25,2025-09-03,2025-09-01,3,8,191.6,54174,False,False,10,6.12,0.245,350,,,Jio,Depot B,60,0,0.477
T04,2025-09-04,2025-11-01,2025-09-22,2025-11-06,0,24,393.7,45096,False,False,2,2.15,0.073,313,,,Amazon,Depot A,100,1,1.0
T05,2025-09-04,2025-09-21,2025-09-26,2025-10-16,0,8,140.2,43871,True,True,4,6.18,0.229,181,,,CocaCola,Depot B,100,1,1.0
T06,2025-09-04,2025-09-21,2025-10-01,2025-09-20,0,0,285.3,100722,True,False,4,9.0,0.52,314,,,Google,Running,50,0,0.0
T07,2025-09-04,2025-10-09,2025-09-01,2025-11-12,0,0,273.3,120095,False,False,11,7.43,0.544,330,,,CocaCola,Depot A,40,0,0.128
T08,2025-09-04,2025-10-31,2025-09-27,2025-08-27,0,0,448.5,59041,False,False,4,15.62,0.202,93,,,Tata Motors,Running,45,0,0.049
T09,2025-09-04,2025-10-25,2025-09-26,2025-10-27,0,8,382.4,21084,True,True,3,8.03,0.013,12,,,Airtel,Running,90,1,0.744
T10,2025-09-04,2025-10-19,2025-09-01,2025-08-31,0,12,359.3,62006,False,False,4,9.9,0.056,218,,,Tata Motors,Running,60,0,0.422
T11,2025-09-04,2025-10-11,2025-09-02,2025-11-21,1,0,323.7,66460,False,False,9,9.43,0.211,78,,,Pepsi,Running,45,0,0.0
T12,2025-09-04,2025-10-01,2025-09-14,2025-09-11,0,0,251.8,48859,False,False,12,8.24,0.074,319,,,Pepsi,Depot A,90,1,0.863
T13,2025-09-04,2025-10-13,2025-09-29,2025-11-26,2,0,308.4,45674,False,False,6,10.8,0.12,167,,,Google,Running,75,1,0.29
T14,2025-09-04,2025-09-24,2025-10-23,2025-10-15,2,0,241.4,62101,False,False,2,9.57,0.091,117,,,Google,Depot A,85,1,0.705
T15,2025-09-04,2025-09-13,2025-09-26,2025-10-19,0,12,75.9,66383,False,False,9,23.74,0.046,379,,,Jio,Running,90,1,0.727
T16,2025-09-04,2025-09-04,2025-10-17,2025-10-05,0,8,314.4,55365,False,False,4,12.27,0.278,324,,,Pepsi,Running,80,1,0.511
T17,2025-09-04,2025-11-17,2025-09-21,2025-09-14,0,0,388.9,40296,False,False,4,14.94,0.017,213,,,Tata Motors,Running,80,1,0.492
T18,2025-09-04,2025-10-09,2025-10-27,2025-10-11,1,0,296.2,37910,False,False,8,5.84,0.03,192,,,Tata Motors,Depot B,85,1,0.785
T19,2025-09-04,2025-09-26,2025-09-16,2025-10-27,0,0,405.7,58882,True,False,5,4.13,0.002,73,,,Infosys,Depot A,75,1,0.549
T20,2025-09-04,2025-09-21,2025-10-23,2025-10-01,5,8,395.5,54882,False,False,9,8.98,0.433,19,hold_for_maintenance,Auto-hold due to jobcards/high failure,Infosys,Depot B,80,0,0.0
T21,2025-09-04,2025-11-16,2025-10-14,2025-10-20,0,0,201.2,66626,False,False,12,0.12,0.036,18,,,Pepsi,Depot A,90,1,0.882
T22,2025-09-04,2025-10-05,2025-09-26,2025-10-16,0,0,297.0,53966,False,False,12,1.6,0.234,304,,,Google,Depot B,90,1,0.783
T23,2025-09-04,2025-10-24,2025-09-07,2025-10-23,3,0,205.4,75853,False,False,12,1.6,0.448,36,,,Tata Motors,Depot B,70,1,0.326
T24,2025-09-04,2025-10-07,2025-09-27,2025-10-28,1,0,341.6,41328,False,False,3,23.47,0.034,134,,,Tata Motors,Running,75,1,0.383
T25,2025-09-04,2025-09-12,2025-09-26,2025-10-17,0,8,303.6,100771,True,True,14,7.53,0.551,338,,,Jio,Depot A,80,1,0.674
T01,2025-09-05,2025-11-01,2025-09-11,2025-10-18,2,0,362.1,63570,False,False,4,12.72,0.248,309,,,Pepsi,Depot A,85,1,0.626
T02,2025-09-05,2025-09-04,2025-10-19,2025-11-14,0,0,317.4,32399,True,False,1,11.62,0.245,359,,,CocaCola,Running,40,0,0.0
T03,2025-09-05,2025-09-10,2025-09-05,2025-11-26,0,12,385.6,55398,False,False,12,4.83,0.043,152,,,Jio,Running,90,1,0.728
T04,2025-09-05,2025-11-08,2025-10-23,2025-08-29,0,0,343.9,60002,False,False,4,28.56,0.032,38,,,Infosys,Depot A,60,0,0.584
T05,2025-09-05,2025-10-02,2025-09-19,2025-09-29,1,0,460.9,23695,False,False,11,0.13,0.08,24,,,Google,Running,70,1,0.31
T06,2025-09-05,2025-10-29,2025-10-06,2025-11-14,0,24,398.7,69355,False,False,1,4.49,0.281,72,,,Google,Running,80,1,0.51
T07,2025-09-05,2025-11-30,2025-09-03,2025-10-07,0,8,349.2,43898,False,False,4,18.4,0.208,12,,,Airtel,Depot A,70,0,0.746
T08,2025-09-05,2025-09-17,2025-10-01,2025-10-17,1,0,244.6,19864,False,False,2,0.35,0.276,66,,,Jio,Running,65,1,0.162
T09,2025-09-05,2025-11-25,2025-09-08,2025-08-28,1,4,253.7,70034,False,False,9,14.74,0.346,376,,,Airtel,Running,45,0,0.077
T10,2025-09-05,2025-10-10,2025-09-23,2025-08-27,0,4,266.6,37539,False,False,5,12.96,0.152,62,,,Tata Motors,Depot B,70,0,0.774
T11,2025-09-05,2025-11-17,2025-10-24,2025-11-10,3,0,313.1,7662,True,True,8,14.97,0.227,310,,,Jio,Running,70,1,0.136
T12,2025-09-05,2025-10-20,2025-10-16,2025-11-02,3,4,252.3,69526,False,False,8,3.93,0.718,198,hold_for_maintenance,Auto-hold due to jobcards/high failure,Jio,Depot A,70,0,0.0
T13,2025-09-05,2025-11-10,2025-10-16,2025-10-11,0,0,414.3,33868,False,False,12,12.14,0.08,227,,,Pepsi,Running,75,1,0.41
T14,2025-09-05,2025-10-10,2025-10-13,2025-10-18,1,0,169.3,72022,False,False,12,7.61,0.317,271,,,Amazon,Running,65,1,0.142
T15,2025-09-05,2025-09-21,2025-10-02,2025-10-11,2,4,295.3,70271,False,False,13,9.91,0.357,331,,,Google,Depot B,85,1,0.722
T16,2025-09-05,2025-10-24,2025-10-30,2025-09-07,0,4,398.0,70624,False,False,7,3.54,0.539,43,,,Jio,Depot B,80,1,0.68
T17,2025-09-05,2025-10-20,2025-10-25,2025-11-02,0,8,116.6,39260,False,False,3,3.09,0.126,381,,,Jio,Depot A,100,1,1.0
T18,2025-09-05,2025-09-21,2025-10-15,2025-10-30,1,24,313.6,50535,True,True,9,7.81,0.041,191,,,Pepsi,Depot A,95,1,1.0
T19,2025-09-05,2025-11-12,2025-09-21,2025-09-04,1,0,348.9,54481,False,False,1,8.01,0.295,91,,,Pepsi,Depot A,45,0,0.253
T20,2025-09-05,2025-10-21,2025-09-28,2025-10-10,4,8,282.1,42397,False,False,13,3.96,0.134,44,hold_for_maintenance,Auto-hold due to jobcards/high failure,Jio,Running,80,0,0.0
T21,2025-09-05,2025-09-15,2025-10-27,2025-09-30,1,24,180.5,52886,True,True,1,0.46,0.094,209,,,Tata Motors,Depot B,95,1,1.0
T22,2025-09-05,2025-09-07,2025-09-02,2025-08-30,0,4,289.3,50976,False,False,8,10.59,0.027,121,,,Google,Depot B,70,0,0.837
T23,2025-09-05,2025-11-03,2025-09-02,2025-11-14,0,0,310.9,21978,False,False,3,17.82,0.066,41,,,Google,Depot A,60,0,0.567
T24,2025-09-05,2025-10-01,2025-10-20,2025-10-28,0,0,343.1,33381,True,False,8,3.63,0.063,344,,,Google,Running,70,1,0.168
T25,2025-09-05,2025-10-10,2025-10-03,2025-09-28,1,0,418.8,57648,True,False,14,15.8,0.246,347,,,Pepsi,Running,60,1,0.0
T01,2025-09-06,2025-11-19,2025-10-28,2025-09-07,0,0,243.1,24330,False,False,10,8.77,0.013,136,,,Tata Motors,Depot B,90,1,0.894
T02,2025-09-06,2025-11-14,2025-10-13,2025-09-11,2,12,320.0,77097,False,False,6,10.59,0.429,29,,,Amazon,Depot A,85,1,0.685
T03,2025-09-06,2025-11-24,2025-09-08,2025-10-17,1,8,431.6,29347,False,False,8,1.25,0.056,351,,,Google,Running,80,1,0.572
T04,2025-09-06,2025-09-08,2025-09-15,2025-10-18,1,0,255.9,56667,False,False,12,9.09,0.083,35,,,Pepsi,Depot B,85,1,0.758
T05,2025-09-06,2025-11-04,2025-09-28,2025-10-25,5,0,296.7,57875,False,False,1,7.78,0.723,152,hold_for_maintenance,Auto-hold due to jobcards/high failure,Google,Running,50,0,0.0
T06,2025-09-06,2025-10-12,2025-09-08,2025-09-16,3,12,131.1,37414,False,False,3,4.04,0.493,217,,,Amazon,Depot B,80,1,0.554
T07,2025-09-06,2025-10-16,2025-10-11,2025-11-23,0,12,326.3,38204,False,False,3,5.26,0.271,236,,,Jio,Running,80,1,0.515
T08,2025-09-06,2025-10-16,2025-09-30,2025-09-17,0,0,228.0,32538,False,False,5,2.4,0.071,235,,,Airtel,Running,80,1,0.465
T09,2025-09-06,2025-10-05,2025-10-21,2025-10-24,0,4,356.4,49322,False,False,7,31.44,0.155,144,,,Pepsi,Depot A,100,1,1.0
T10,2025-09-06,2025-11-11,2025-10-11,2025-08-31,3,0,139.9,50543,False,False,4,14.6,0.188,113,,,Airtel,Depot A,50,0,0.256
T11,2025-09-06,2025-09-18,2025-09-09,2025-09-29,1,24,150.5,15642,False,False,9,26.21,0.127,131,,,Jio,Running,85,1,0.587
T12,2025-09-06,2025-10-30,2025-09-04,2025-09-10,0,8,343.8,53081,False,False,13,5.3,0.183,228,,,Google,Depot B,70,0,0.758
T13,2025-09-06,2025-09-27,2025-10-23,2025-11-13,2,0,269.9,41972,False,False,13,22.19,0.279,162,,,Google,Depot B,75,1,0.511
T14,2025-09-06,2025-10-07,2025-09-15,2025-10-18,1,0,304.0,61585,False,False,15,25.12,0.166,97,,,Google,Running,75,1,0.317
T15,2025-09-06,2025-11-22,2025-10-09,2025-09-04,2,0,347.5,73522,False,False,7,3.11,0.306,222,,,CocaCola,Depot B,45,0,0.197
T16,2025-09-06,2025-11-10,2025-09-22,2025-10-11,3,4,194.8,78629,False,False,15,8.77,0.606,249,hold_for_maintenance,Auto-hold due to jobcards/high failure,Airtel,Running,60,0,0.0
T17,2025-09-06,2025-09-12,2025-09-16,2025-11-06,1,0,280.2,51055,False,False,5,0.7,0.299,383,,,Jio,Depot A,75,1,0.55
T18,2025-09-06,2025-11-21,2025-09-26,2025-11-21,1,0,310.8,44822,True,True,15,13.34,0.227,83,,,Amazon,Running,75,1,0.286
T19,2025-09-06,2025-11-26,2025-10-15,2025-11-13,0,0,153.0,27346,True,True,4,7.33,0.206,24,,,CocaCola,Depot A,90,1,0.797
T20,2025-09-06,2025-09-10,2025-10-22,2025-09-17,5,0,372.9,50432,False,False,1,6.68,0.148,187,hold_for_maintenance,Auto-hold due to jobcards/high failure,Tata Motors,Depot B,80,0,0.0
T21,2025-09-06,2025-11-25,2025-10-28,2025-10-22,0,0,274.0,69809,False,False,8,16.88,0.256,331,,,CocaCola,Depot B,80,1,0.672
T22,2025-09-06,2025-10-09,2025-10-06,2025-11-05,0,12,302.1,34967,False,False,9,10.81,0.242,357,,,Tata Motors,Depot A,100,1,1.0
T23,2025-09-06,2025-10-03,2025-10-17,2025-09-24,0,12,272.0,14173,False,False,9,24.62,0.047,236,,,Jio,Depot A,100,1,1.0
T24,2025-09-06,2025-11-02,2025-10-14,2025-11-26,0,4,309.2,60029,False,False,12,11.08,0.181,120,,,Pepsi,Running,90,1,0.659
T25,2025-09-06,2025-11-21,2025-09-04,2025-09-15,0,8,244.5,39544,False,False,11,7.29,0.243,280,,,Pepsi,Running,60,0,0.328
T01,2025-09-07,2025-11-05,2025-09-03,2025-10-16,2,0,355.4,47849,False,False,1,12.01,0.279,88,,,Amazon,Depot A,45,0,0.21
T02,2025-09-07,2025-11-16,2025-10-12,2025-10-25,0,0,424.1,16948,False,False,12,16.73,0.102,332,,,,Running,75,1,0.399
T03,2025-09-07,2025-09-18,2025-09-15,2025-10-21,1,8,396.5,49384,False,False,2,10.28,0.193,107,,,Jio,Depot A,95,1,0.953
T04,2025-09-07,2025-11-04,2025-09-24,2025-10-11,2,0,228.3,59122,False,False,9,20.32,0.107,188,,,Jio,Depot B,85,1,0.697
T05,2025-09-07,2025-09-05,2025-09-11,2025-09-13,0,4,227.4,70924,False,False,11,13.15,0.413,89,,,Infosys,Depot A,60,0,0.543
T06,2025-09-07,2025-09-03,2025-09-02,2025-11-19,1,8,459.2,34615,False,False,7,1.83,0.285,100,,,Infosys,Running,40,0,0.058
T07,2025-09-07,2025-10-14,2025-10-08,2025-11-08,0,8,317.2,63513,False,False,3,6.62,0.279,273,,,Airtel,Depot A,90,1,0.91
T08,2025-09-07,2025-09-29,2025-09-07,2025-11-19,1,0,363.5,48742,False,False,14,3.38,0.121,252,,,Amazon,Running,75,1,0.339
T09,2025-09-07,2025-11-20,2025-10-08,2025-10-18,1,12,325.8,47263,False,False,12,17.86,0.037,304,,,Jio,Running,85,1,0.631
T10,2025-09-07,2025-09-26,2025-10-14,2025-10-18,2,8,305.3,41723,False,False,12,11.32,0.166,319,,,Infosys,Depot A,95,1,0.917
T11,2025-09-07,2025-09-02,2025-10-11,2025-09-30,3,0,230.7,69602,False,False,8,8.98,0.537,269,,,Infosys,Running,20,0,0.0
T12,2025-09-07,2025-09-10,2025-10-16,2025-11-29,2,12,260.7,39015,False,False,8,6.57,0.282,226,,,Google,Depot B,85,1,0.759
T13,2025-09-07,2025-09-25,2025-10-11,2025-10-14,0,0,247.1,34667,False,False,13,10.48,0.195,90,,,Infosys,Running,80,1,0.403
T14,2025-09-07,2025-09-20,2025-10-09,2025-10-08,0,0,164.6,62027,False,False,7,1.43,0.036,198,,,Jio,Depot B,90,1,0.882
T15,2025-09-07,2025-10-19,2025-10-26,2025-10-26,1,0,298.9,39214,False,False,6,3.85,0.124,286,,,Infosys,Running,75,1,0.338
T16,2025-09-07,2025-09-06,2025-10-02,2025-10-13,0,4,453.3,82974,False,False,1,23.08,0.466,293,,,Amazon,Running,40,0,0.017
T17,2025-09-07,2025-10-29,2025-09-20,2025-09-25,0,12,310.9,60087,True,False,10,13.9,0.256,141,,,Airtel,Depot B,80,1,0.622
T18,2025-09-07,2025-10-21,2025-09-17,2025-09-01,1,0,294.4,53294,False,False,3,1.11,0.27,114,,,Google,Running,35,0,0.0
T19,2025-09-07,2025-10-15,2025-10-11,2025-11-05,1,0,362.4,28941,True,True,9,11.27,0.267,231,,,Tata Motors,Depot A,75,1,0.567
T20,2025-09-07,2025-11-21,2025-09-16,2025-10-25,1,0,304.4,43498,False,False,12,20.29,0.235,123,,,Amazon,Running,75,1,0.283
T21,2025-09-07,2025-11-05,2025-09-09,2025-11-20,0,12,351.6,67112,False,False,10,13.51,0.241,33,,,Pepsi,Depot B,100,1,1.0
T22,2025-09-07,2025-10-06,2025-09-19,2025-11-22,0,8,288.0,49021,True,True,11,3.32,0.265,228,,,Infosys,Running,80,1,0.518
T23,2025-09-07,2025-11-17,2025-10-06,2025-08-28,1,0,357.6,30991,False,False,11,4.99,0.118,265,,,Infosys,Depot A,55,0,0.441
T24,2025-09-07,2025-10-01,2025-09-14,2025-11-04,3,24,252.3,48013,False,False,8,20.32,0.749,380,hold_for_maintenance,Auto-hold due to jobcards/high failure,Amazon,Depot B,70,0,0.0
T25,2025-09-07,2025-10-11,2025-09-08,2025-11-29,0,0,122.8,60307,False,False,14,19.99,0.197,56,,,Airtel,Depot A,90,1,0.801
T01,2025-09-08,2025-09-03,2025-09-26,2025-09-24,2,24,416.0,92385,True,False,12,6.89,0.582,97,,,Jio,Depot A,25,0,0.0
T02,2025-09-08,2025-09-03,2025-10-13,2025-09-13,2,0,327.8,27682,False,False,3,4.75,0.203,374,,,Amazon,Depot A,55,0,0.349
T03,2025-09-08,2025-10-26,2025-10-07,2025-11-01,0,12,258.2,69644,True,True,7,33.92,0.148,133,,,CocaCola,Running,90,1,0.676
T04,2025-09-08,2025-11-01,2025-10-16,2025-11-01,2,0,250.5,42918,False,False,2,0.04,0.229,62,,,Pepsi,Running,75,1,0.235
T05,2025-09-08,2025-09-13,2025-10-18,2025-11-18,0,0,148.7,50786,True,True,9,9.26,0.041,221,,,Airtel,Depot A,90,1,0.88
T06,2025-09-08,2025-10-02,2025-10-06,2025-10-15,1,24,282.0,64765,True,False,12,22.21,0.174,349,,,Jio,Depot B,85,1,0.663
T07,2025-09-08,2025-09-29,2025-09-16,2025-11-03,0,0,166.5,54867,False,False,7,16.8,0.285,36,,,Pepsi,Depot A,80,1,0.658
T08,2025-09-08,2025-09-03,2025-10-15,2025-08-27,0,0,457.3,29314,False,False,12,4.5,0.08,329,,,,Depot A,55,0,0.51
T09,2025-09-08,2025-11-30,2025-09-18,2025-10-14,0,12,350.5,67226,False,False,5,8.97,0.036,42,,,Tata Motors,Running,90,1,0.732
T10,2025-09-08,2025-09-30,2025-10-17,2025-09-19,0,0,219.5,66575,False,False,7,14.55,0.137,142,,,CocaCola,Depot B,90,1,0.832
T11,2025-09-08,2025-10-04,2025-10-30,2025-11-14,2,0,418.4,86222,False,False,2,6.93,0.335,36,,,Amazon,Depot A,65,1,0.383
T12,2025-09-08,2025-11-22,2025-10-25,2025-10-21,4,0,317.7,79214,False,False,14,9.51,0.664,260,hold_for_maintenance,Auto-hold due to jobcards/high failure,Infosys,Running,50,0,0.0
T13,2025-09-08,2025-11-25,2025-10-08,2025-11-07,4,8,126.3,56744,False,False,12,2.19,0.678,77,hold_for_maintenance,Auto-hold due to jobcards/high failure,Jio,Depot A,70,0,0.0
T14,2025-09-08,2025-11-27,2025-09-16,2025-11-01,0,8,313.5,40159,False,False,6,8.34,0.226,187,,,Airtel,Running,90,1,0.637
T15,2025-09-08,2025-11-18,2025-10-21,2025-11-12,2,0,284.2,76431,False,False,9,4.07,0.345,195,,,Google,Depot A,75,1,0.478
T16,2025-09-08,2025-09-27,2025-09-26,2025-10-25,0,0,278.3,25442,True,False,14,8.53,0.268,208,,,Tata Motors,Running,60,1,0.0
T17,2025-09-08,2025-09-10,2025-10-02,2025-11-22,0,0,378.5,51698,True,False,4,20.3,0.032,114,,,Tata Motors,Depot B,80,1,0.584
T18,2025-09-08,2025-11-27,2025-09-14,2025-11-27,0,24,412.2,50868,False,False,8,19.6,0.066,373,,,Amazon,Depot B,95,1,1.0
T19,2025-09-08,2025-10-05,2025-09-24,2025-10-27,2,8,379.5,49667,True,False,7,19.36,0.031,53,,,Jio,Depot A,85,1,0.684
T20,2025-09-08,2025-09-15,2025-09-16,2025-10-12,1,0,330.2,77742,False,False,7,11.08,0.599,369,,,Airtel,Running,55,0,0.0
T21,2025-09-08,2025-09-21,2025-09-02,2025-09-16,0,4,307.8,53259,False,False,6,8.64,0.079,111,,,Tata Motors,Depot A,70,0,0.81
T22,2025-09-08,2025-10-15,2025-09-23,2025-10-28,0,4,354.2,49743,False,False,11,25.83,0.094,119,,,Infosys,Depot B,100,1,1.0
T23,2025-09-08,2025-10-21,2025-10-11,2025-09-16,2,0,444.1,49190,False,False,7,5.49,0.166,155,,,Amazon,Depot A,80,1,0.617
T24,2025-09-08,2025-11-17,2025-10-15,2025-10-11,0,0,295.6,39905,False,False,9,1.68,0.024,279,,,Infosys,Depot B,90,1,0.888
T25,2025-09-08,2025-09-10,2025-10-05,2025-11-28,0,0,304.7,50604,True,False,1,14.23,0.233,108,,,CocaCola,Running,70,1,0.083
T01,2025-09-09,2025-09-26,2025-09-11,2025-11-04,3,0,241.6,88210,False,False,13,9.39,0.397,51,,,Google,Depot B,70,1,0.351
T02,2025-09-09,2025-11-06,2025-09-16,2025-09-30,1,0,352.6,67078,True,True,13,2.26,0.289,27,,,Infosys,Depot B,75,1,0.555
T03,2025-09-09,2025-11-25,2025-10-03,2025-10-15,0,0,422.9,46264,False,False,1,1.26,0.153,51,,,CocaCola,Depot B,85,1,0.773
T04,2025-09-09,2025-09-12,2025-10-20,2025-10-08,0,0,381.7,54386,False,False,2,9.48,0.251,384,,,Jio,Depot A,80,1,0.675
T05,2025-09-09,2025-10-07,2025-09-04,2025-09-19,0,4,323.3,56431,False,False,2,6.56,0.153,169,,,Google,Depot A,70,0,0.773
T06,2025-09-09,2025-09-20,2025-10-05,2025-11-05,2,0,271.9,55854,False,False,1,12.02,0.041,384,,,Tata Motors,Running,75,1,0.33
T07,2025-09-09,2025-10-28,2025-09-18,2025-09-20,1,0,317.5,9411,False,False,13,11.81,0.188,44,,,Pepsi,Depot A,85,1,0.706
T08,2025-09-09,2025-10-27,2025-10-27,2025-10-25,0,8,303.5,74953,False,False,2,4.58,0.514,385,,,Amazon,Depot B,80,1,0.693
T09,2025-09-09,2025-11-15,2025-10-26,2025-09-07,3,0,262.6,28815,False,False,4,7.46,0.363,119,,,Infosys,Depot A,40,0,0.069
T10,2025-09-09,2025-09-27,2025-10-24,2025-11-09,3,12,251.1,55032,False,False,14,4.31,0.01,24,,,Infosys,Depot A,90,1,0.895
T11,2025-09-09,2025-10-04,2025-10-03,2025-10-06,0,0,299.2,66511,False,False,1,7.7,0.236,224,,,Tata Motors,Running,80,1,0.382
T12,2025-09-09,2025-10-13,2025-09-12,2025-09-05,1,12,470.1,39147,True,True,13,1.99,0.025,116,,,CocaCola,Depot A,60,0,0.688
T13,2025-09-09,2025-10-29,2025-10-07,2025-09-11,5,12,383.7,25842,False,False,2,8.68,0.083,65,hold_for_maintenance,Auto-hold due to jobcards/high failure,Infosys,Depot A,90,0,0.0
T14,2025-09-09,2025-10-13,2025-09-10,2025-09-29,5,24,397.8,24883,False,False,2,10.6,0.421,284,hold_for_maintenance,Auto-hold due to jobcards/high failure,Amazon,Running,70,0,0.0
T15,2025-09-09,2025-10-06,2025-10-06,2025-10-11,0,0,357.8,57234,False,False,13,3.47,0.108,343,,,Google,Depot B,90,1,0.846
T16,2025-09-09,2025-10-06,2025-09-09,2025-10-03,0,0,333.7,36098,False,False,9,6.02,0.023,63,,,Jio,Depot A,90,1,0.889
T17,2025-09-09,2025-09-08,2025-09-21,2025-10-11,1,12,371.6,68131,False,False,1,4.93,0.083,57,,,Amazon,Depot A,65,0,0.709
T18,2025-09-09,2025-09-22,2025-09-30,2025-08-31,0,0,144.4,44162,False,False,12,2.67,0.27,39,,,Pepsi,Running,40,0,0.0
T19,2025-09-09,2025-09-09,2025-10-20,2025-08-27,1,0,361.2,43566,False,False,15,1.13,0.245,387,,,Pepsi,Depot A,55,0,0.378
T20,2025-09-09,2025-10-24,2025-09-30,2025-09-09,0,12,274.5,57150,False,False,1,4.56,0.284,93,,,Tata Motors,Running,80,1,0.508
T21,2025-09-09,2025-10-22,2025-10-12,2025-09-21,0,0,454.0,41647,False,False,1,12.88,0.267,56,,,Amazon,Depot B,75,1,0.617
T22,2025-09-09,2025-11-11,2025-10-01,2025-10-21,1,0,362.5,72853,True,False,11,16.81,0.411,64,,,Airtel,Depot B,65,1,0.195
T23,2025-09-09,2025-10-17,2025-09-14,2025-08-28,0,12,385.2,39190,False,False,5,8.31,0.025,376,,,Infosys,Depot B,70,0,0.838
T24,2025-09-09,2025-10-17,2025-09-11,2025-11-25,4,4,358.2,63050,False,False,14,8.07,0.545,107,hold_for_maintenance,Auto-hold due to jobcards/high failure,Pepsi,Depot B,70,0,0.0
T25,2025-09-09,2025-09-24,2025-10-26,2025-09-22,4,0,189.5,27703,False,False,8,2.18,0.668,320,hold_for_maintenance,Auto-hold due to jobcards/high failure,Jio,Depot A,60,0,0.0
T01,2025-09-10,2025-10-06,2025-10-28,2025-11-06,0,0,192.2,29233,False,False,5,17.09,0.018,57,,,Jio,Depot A,90,1,0.891
T02,2025-09-10,2025-10-03,2025-10-02,2025-11-08,1,0,309.4,23746,False,False,10,4.46,0.125,169,,,Jio,Depot B,85,1,0.737
T03,2025-09-10,2025-10-10,2025-10-06,2025-09-25,1,0,406.0,48880,True,True,12,11.74,0.132,207,,,,Running,70,1,0.284
T04,2025-09-10,2025-11-02,2025-09-19,2025-09-22,2,0,416.7,49845,False,False,3,13.19,0.133,215,,,Tata Motors,Running,70,1,0.233
T05,2025-09-10,2025-11-11,2025-09-16,2025-09-18,1,0,371.5,40799,False,False,4,0.05,0.127,191,,,Google,Depot B,85,1,0.736
T06,2025-09-10,2025-10-22,2025-09-03,2025-10-30,2,12,427.7,40421,False,False,4,19.0,0.007,109,,,Airtel,Depot B,60,0,0.647
T07,2025-09-10,2025-11-15,2025-10-18,2025-10-27,0,0,301.1,2597,False,False,5,28.75,0.244,129,,,Tata Motors,Depot A,90,1,0.778
T08,2025-09-10,2025-10-23,2025-09-22,2025-11-09,0,0,406.5,30365,True,False,2,10.3,0.228,279,,,Amazon,Depot B,75,1,0.436
T09,2025-09-10,2025-11-29,2025-09-24,2025-11-22,1,0,393.5,52342,False,False,12,8.97,0.127,39,,,Tata Motors,Depot B,85,1,0.736
T10,2025-09-10,2025-11-28,2025-10-10,2025-10-11,0,4,293.1,29770,False,False,13,8.39,0.106,63,,,Airtel,Depot A,100,1,1.0
T11,2025-09-10,2025-10-06,2025-09-11,2025-09-20,2,0,226.6,50933,True,False,9,1.21,0.064,228,,,Airtel,Depot B,75,1,0.418
T12,2025-09-10,2025-11-27,2025-09-12,2025-11-18,0,0,440.1,49432,False,False,9,0.55,0.081,372,,,CocaCola,Running,75,1,0.41
T13,2025-09-10,2025-10-07,2025-10-02,2025-10-30,0,8,243.2,65460,False,False,3,2.53,0.243,308,,,Google,Depot B,100,1,1.0
T14,2025-09-10,2025-11-24,2025-09-20,2025-09-18,0,0,411.8,34128,False,False,8,9.77,0.146,140,,,Google,Running,75,1,0.377
T15,2025-09-10,2025-09-21,2025-10-19,2025-09-16,0,0,422.0,102130,False,False,5,12.99,0.588,83,,,Amazon,Depot A,60,1,0.306
T16,2025-09-10,2025-11-04,2025-10-29,2025-09-26,5,0,234.7,37145,False,False,9,9.15,0.691,137,hold_for_maintenance,Auto-hold due to jobcards/high failure,Infosys,Depot B,60,0,0.0
T17,2025-09-10,2025-09-04,2025-09-30,2025-10-06,0,24,266.1,44546,False,False,4,1.63,0.142,19,,,Infosys,Depot B,70,0,0.779
T18,2025-09-10,2025-11-05,2025-10-06,2025-11-29,0,0,317.5,45230,True,True,11,7.7,0.237,366,,,Pepsi,Depot A,90,1,0.782
T19,2025-09-10,2025-11-05,2025-10-29,2025-11-02,0,0,267.2,82565,False,False,2,0.31,0.46,398,hold_for_maintenance,Auto-hold due to jobcards/high failure,Pepsi,Depot A,80,0,0.0
T20,2025-09-10,2025-09-08,2025-10-01,2025-10-30,3,8,263.0,47537,True,True,1,6.42,0.656,338,hold_for_maintenance,Auto-hold due to jobcards/high failure,Tata Motors,Depot B,40,0,0.0
T21,2025-09-10,2025-11-26,2025-10-22,2025-09-27,2,0,302.5,95186,False,False,11,2.77,0.514,144,,,Pepsi,Depot A,65,1,0.293
T22,2025-09-10,2025-11-12,2025-10-19,2025-10-17,0,24,358.6,66313,False,False,1,8.59,0.054,18,,,Pepsi,Depot A,100,1,1.0
T23,2025-09-10,2025-11-28,2025-09-14,2025-10-10,0,0,324.6,35050,False,False,2,6.02,0.128,266,,,Amazon,Depot B,90,1,0.836
T24,2025-09-10,2025-09-10,2025-10-26,2025-10-24,0,8,219.4,56115,True,True,5,13.59,0.012,42,,,Airtel,Running,90,1,0.744
T25,2025-09-10,2025-10-27,2025-09-19,2025-10-09,1,0,305.1,67790,False,False,5,1.26,0.176,142,,,Infosys,Depot A,85,1,0.712
T01,2025-09-11,2025-10-08,2025-09-17,2025-09-06,0,0,179.7,50381,False,False,9,11.9,0.197,80,,,Tata Motors,Running,50,0,0.101
T02,2025-09-11,2025-11-09,2025-09-11,2025-10-02,0,0,214.2,37501,False,False,10,21.07,0.259,313,,,Tata Motors,Depot A,80,1,0.671
T03,2025-09-11,2025-10-04,2025-10-15,2025-11-21,1,4,217.9,39613,True,True,2,18.68,0.031,53,,,Pepsi,Running,85,1,0.635
T04,2025-09-11,2025-10-03,2025-10-23,2025-09-27,2,24,340.6,68085,False,False,8,17.32,0.106,118,,,CocaCola,Running,85,1,0.547
T05,2025-09-11,2025-10-01,2025-10-27,2025-11-03,1,0,349.6,76821,False,False,13,16.88,0.523,333,,,CocaCola,Depot B,65,1,0.339
T06,2025-09-11,2025-11-18,2025-10-17,2025-11-04,0,4,296.1,58084,False,False,15,1.46,0.112,349,,,Jio,Depot B,100,1,1.0
T07,2025-09-11,2025-09-07,2025-09-15,2025-11-06,0,0,210.1,48821,True,True,2,5.03,0.231,26,,,Amazon,Depot B,60,0,0.484
T08,2025-09-11,2025-09-09,2025-09-09,2025-09-18,0,0,396.7,85869,False,False,8,19.59,0.427,300,,,Pepsi,Depot A,50,0,0.286
T09,2025-09-11,2025-11-29,2025-09-06,2025-10-18,0,0,399.8,46004,False,False,7,13.54,0.124,172,,,Jio,Depot B,60,0,0.538
T10,2025-09-11,2025-10-30,2025-10-05,2025-11-23,0,8,296.3,34753,False,False,13,16.63,0.233,48,,,Pepsi,Depot A,100,1,1.0
T11,2025-09-11,2025-11-15,2025-09-20,2025-10-19,1,8,306.5,44572,False,False,1,6.03,0.024,17,,,Airtel,Depot B,95,1,1.0
T12,2025-09-11,2025-09-27,2025-09-03,2025-10-31,2,8,205.0,55292,False,False,15,11.25,0.231,387,,,Airtel,Running,55,0,0.185
T13,2025-09-11,2025-10-01,2025-09-02,2025-10-10,0,0,326.7,51403,False,False,6,27.77,0.113,304,,,Jio,Running,50,0,0.144
T14,2025-09-11,2025-11-15,2025-09-21,2025-09-28,1,0,315.8,33814,False,False,1,1.28,0.263,125,,,Amazon,Depot A,75,1,0.569
T15,2025-09-11,2025-11-20,2025-10-19,2025-09-02,3,8,238.0,45548,False,False,15,3.53,0.626,151,hold_for_maintenance,Auto-hold due to jobcards/high failure,Infosys,Running,30,0,0.0
T16,2025-09-11,2025-11-21,2025-10-26,2025-10-25,4,0,379.5,49130,False,False,11,12.4,0.427,247,hold_for_maintenance,Auto-hold due to jobcards/high failure,Pepsi,Running,60,0,0.0
T17,2025-09-11,2025-11-02,2025-09-02,2025-11-03,0,0,219.5,40126,False,False,15,21.3,0.237,19,,,Tata Motors,Depot B,60,0,0.481
T18,2025-09-11,2025-11-17,2025-10-11,2025-08-31,1,0,177.3,89456,False,False,11,8.69,0.384,339,,,Pepsi,Depot B,45,0,0.208
T19,2025-09-11,2025-09-29,2025-10-14,2025-11-11,0,0,230.0,58744,False,False,7,8.5,0.055,149,,,Infosys,Depot A,90,1,0.873
T20,2025-09-11,2025-10-17,2025-10-19,2025-09-15,1,0,189.5,61984,False,False,4,4.72,0.121,221,,,CocaCola,Depot A,85,1,0.739
T21,2025-09-11,2025-11-17,2025-10-12,2025-10-25,0,0,242.2,47735,False,False,14,1.24,0.16,153,,,Amazon,Depot A,90,1,0.82
T22,2025-09-11,2025-09-16,2025-09-15,2025-11-25,0,0,366.2,0,True,True,4,6.07,0.139,362,,,Airtel,Depot A,90,1,0.831
T23,2025-09-11,2025-09-11,2025-09-06,2025-09-29,0,0,253.5,68601,True,False,10,7.91,0.013,320,,,CocaCola,Depot A,50,0,0.293
T24,2025-09-11,2025-09-28,2025-10-30,2025-10-25,1,0,224.7,61878,False,False,8,12.05,0.153,166,,,Pepsi,Depot A,85,1,0.723
T25,2025-09-11,2025-09-12,2025-09-18,2025-11-15,4,0,369.0,51943,True,True,14,8.29,0.022,241,hold_for_maintenance,Auto-hold due to jobcards/high failure,CocaCola,Depot A,80,0,0.0
T01,2025-09-12,2025-10-31,2025-10-21,2025-10-18,5,0,292.0,20257,True,True,8,23.98,0.086,234,hold_for_maintenance,Auto-hold due to jobcards/high failure,Infosys,Depot A,80,0,0.0
T02,2025-09-12,2025-11-23,2025-09-04,2025-11-10,1,12,284.0,34178,False,False,3,27.02,0.119,5,,,CocaCola,Depot A,65,0,0.691
T03,2025-09-12,2025-09-09,2025-10-18,2025-10-01,2,0,345.1,51238,False,False,14,8.47,0.221,17,,,Infosys,Depot A,55,0,0.34
T04,2025-09-12,2025-09-01,2025-10-29,2025-08-28,0,0,206.3,48014,False,False,1,1.5,0.094,302,,,Airtel,Running,50,0,0.153
T05,2025-09-12,2025-11-15,2025-10-29,2025-10-18,0,4,506.0,28546,False,False,2,13.27,0.295,153,,,Jio,Depot A,85,1,0.853
T06,2025-09-12,2025-10-11,2025-09-02,2025-11-16,0,0,227.3,71657,False,False,13,16.72,0.428,149,,,Tata Motors,Depot B,50,0,0.286
T07,2025-09-12,2025-11-29,2025-09-30,2025-10-22,0,0,352.8,44427,False,False,14,20.0,0.122,315,,,Pepsi,Depot B,90,1,0.839
T08,2025-09-12,2025-10-12,2025-09-18,2025-11-13,0,4,241.3,54910,False,False,14,3.44,0.186,375,,,Pepsi,Depot A,100,1,1.0
T09,2025-09-12,2025-09-15,2025-10-20,2025-11-13,2,0,281.3,60963,False,False,14,3.09,0.21,5,,,Infosys,Depot B,85,1,0.645
T10,2025-09-12,2025-09-30,2025-10-01,2025-11-02,5,0,419.7,58605,False,False,8,15.23,0.068,268,hold_for_maintenance,Auto-hold due to jobcards/high failure,Airtel,Depot A,75,0,0.0
T11,2025-09-12,2025-11-21,2025-09-02,2025-08-27,1,0,258.5,26372,False,False,2,6.56,0.203,78,,,Airtel,Depot A,55,0,0.399
T12,2025-09-12,2025-11-21,2025-10-01,2025-10-13,2,0,348.7,28631,False,False,5,7.83,0.231,281,,,Jio,Running,75,1,0.234
T13,2025-09-12,2025-09-27,2025-09-19,2025-11-30,5,4,256.1,59465,True,True,3,14.82,0.212,71,hold_for_maintenance,Auto-hold due to jobcards/high failure,Tata Motors,Depot A,90,0,0.0
T14,2025-09-12,2025-11-10,2025-10-12,2025-10-31,4,0,343.7,78648,False,False,2,12.2,0.988,71,hold_for_maintenance,Auto-hold due to jobcards/high failure,Tata Motors,Depot A,60,0,0.0
T15,2025-09-12,2025-09-21,2025-09-20,2025-11-26,2,0,284.6,41499,False,False,2,1.79,0.236,192,,,Infosys,Running,75,1,0.232
T16,2025-09-12,2025-10-02,2025-09-01,2025-11-12,2,0,205.2,62822,True,True,12,3.13,0.229,396,,,Jio,Depot B,55,0,0.336
T17,2025-09-12,2025-11-17,2025-09-19,2025-10-26,0,12,250.3,36885,False,False,10,8.85,0.296,221,,,Pepsi,Depot A,90,1,0.902
T18,2025-09-12,2025-10-07,2025-10-03,2025-09-30,2,0,329.6,19746,False,False,15,19.31,0.048,65,,,CocaCola,Depot A,85,1,0.726
T19,2025-09-12,2025-10-29,2025-10-25,2025-09-19,0,4,279.9,39593,True,True,11,8.74,0.254,11,,,Tata Motors,Depot B,90,1,0.923
T20,2025-09-12,2025-11-03,2025-09-25,2025-10-31,1,24,351.6,30392,False,False,6,16.63,0.097,54,,,Airtel,Depot A,95,1,1.0
T21,2025-09-12,2025-10-16,2025-09-18,2025-09-12,1,4,326.8,71676,True,True,13,16.0,0.512,15,,,Amazon,Running,65,1,0.194
T22,2025-09-12,2025-09-27,2025-09-02,2025-10-16,5,0,345.3,37443,False,False,7,31.98,0.139,123,hold_for_maintenance,Auto-hold due to jobcards/high failure,Google,Running,40,0,0.0
T23,2025-09-12,2025-11-06,2025-10-17,2025-10-12,0,0,273.8,61219,False,False,5,15.35,0.237,331,,,Jio,Depot B,90,1,0.782
T24,2025-09-12,2025-09-17,2025-10-30,2025-11-13,0,24,401.2,47268,False,False,9,17.63,0.056,105,,,Amazon,Running,85,1,0.672
T25,2025-09-12,2025-10-06,2025-09-13,2025-11-20,0,0,341.8,65735,False,False,8,6.33,0.054,188,,,CocaCola,Depot B,90,1,0.873
T01,2025-09-13,2025-09-28,2025-09-24,2025-11-02,2,0,226.6,44143,False,False,4,2.16,0.216,307,,,Infosys,Depot A,85,1,0.642
T02,2025-09-13,2025-09-18,2025-09-13,2025-09-29,0,0,368.1,78011,False,False,15,15.6,0.458,83,,,Amazon,Depot B,80,1,0.571
T03,2025-09-13,2025-11-14,2025-10-19,2025-09-02,3,0,228.9,34316,False,False,7,11.0,0.616,34,hold_for_maintenance,Auto-hold due to jobcards/high failure,Amazon,Depot B,30,0,0.0
T04,2025-09-13,2025-09-01,2025-09-19,2025-09-09,0,0,333.7,80258,False,False,3,18.0,0.374,228,,,Airtel,Running,40,0,0.0
T05,2025-09-13,2025-11-25,2025-09-20,2025-11-13,2,12,183.6,66632,False,False,2,5.83,0.131,345,,,CocaCola,Depot B,95,1,0.934
T06,2025-09-13,2025-11-16,2025-10-02,2025-10-20,3,0,182.4,37050,False,False,3,1.3,0.394,136,,,Airtel,Depot B,70,1,0.353
T07,2025-09-13,2025-11-30,2025-10-22,2025-08-27,0,0,434.9,74907,True,True,5,16.24,0.413,62,,,Jio,Depot A,40,0,0.194
T08,2025-09-13,2025-10-06,2025-10-14,2025-10-07,0,0,367.2,53271,False,False,14,7.72,0.231,385,,,Jio,Running,80,1,0.385
T09,2025-09-13,2025-10-06,2025-09-15,2025-09-15,1,8,324.9,53934,False,False,4,12.64,0.212,325,,,Infosys,Depot B,95,1,0.944
T10,2025-09-13,2025-09-26,2025-10-09,2025-11-25,2,12,170.5,39851,True,False,7,11.24,0.015,77,,,CocaCola,Running,75,1,0.293
T11,2025-09-13,2025-10-21,2025-09-17,2025-11-20,1,24,193.2,78748,False,False,15,4.02,0.314,298,,,Amazon,Depot A,85,1,0.793
T12,2025-09-13,2025-09-13,2025-10-22,2025-09-15,0,0,263.9,36303,False,False,10,17.88,0.254,201,,,Tata Motors,Running,70,1,0.273
T13,2025-09-13,2025-09-18,2025-10-13,2025-10-14,3,0,151.4,38784,False,False,11,4.59,0.765,280,hold_for_maintenance,Auto-hold due to jobcards/high failure,Airtel,Running,50,0,0.0
T14,2025-09-13,2025-10-29,2025-09-19,2025-10-30,0,12,216.6,59123,True,True,9,11.05,0.035,263,,,Tata Motors,Depot B,100,1,1.0
T15,2025-09-13,2025-10-31,2025-10-18,2025-10-19,0,8,291.7,40393,False,False,15,10.89,0.021,65,,,Tata Motors,Depot A,100,1,1.0
T16,2025-09-13,2025-11-09,2025-10-22,2025-08-30,0,0,406.5,47575,False,False,15,6.55,0.291,181,,,Tata Motors,Depot B,45,0,0.304
T17,2025-09-13,2025-11-29,2025-10-04,2025-09-05,0,0,325.0,42532,False,False,4,1.53,0.299,59,,,Google,Running,40,0,0.0
T18,2025-09-13,2025-10-27,2025-10-20,2025-08-27,1,0,227.8,37380,False,False,4,9.36,0.017,217,,,CocaCola,Depot B,55,0,0.492
T19,2025-09-13,2025-11-05,2025-09-28,2025-11-25,1,0,169.2,44320,False,False,6,4.22,0.106,34,,,Airtel,Depot B,85,1,0.747
T20,2025-09-13,2025-09-23,2025-10-10,2025-10-29,0,0,162.1,13314,False,False,8,15.24,0.18,102,,,Pepsi,Depot B,90,1,0.81
T21,2025-09-13,2025-11-23,2025-10-06,2025-09-20,0,24,236.5,85898,False,False,7,10.56,0.369,377,,,Pepsi,Running,80,1,0.466
T22,2025-09-13,2025-10-18,2025-09-24,2025-10-03,0,0,241.6,61901,False,False,10,15.52,0.033,274,,,Tata Motors,Running,80,1,0.484
T23,2025-09-13,2025-11-30,2025-10-24,2025-11-15,3,0,286.9,26092,True,True,14,1.68,0.299,332,,,CocaCola,Depot A,70,1,0.4
T24,2025-09-13,2025-10-02,2025-10-20,2025-11-08,0,0,482.9,41936,True,True,3,28.09,0.189,271,,,Amazon,Depot A,85,1,0.755
T25,2025-09-13,2025-11-22,2025-10-31,2025-09-03,0,8,293.5,51313,False,False,3,5.76,0.157,327,hold_for_maintenance,Auto-hold due to jobcards/high failure,Pepsi,Depot B,70,0,0.0
T01,2025-09-14,2025-09-16,2025-09-17,2025-09-06,1,0,253.9,70654,True,True,9,3.76,0.529,304,,,CocaCola,Depot B,35,0,0.035
T02,2025-09-14,2025-10-30,2025-10-19,2025-09-06,4,0,364.0,51872,False,False,4,6.54,0.02,35,hold_for_maintenance,Auto-hold due to jobcards/high failure,Tata Motors,Running,40,0,0.0
T03,2025-09-14,2025-10-05,2025-10-19,2025-10-28,0,0,278.3,41901,False,False,2,7.54,0.198,236,,,Jio,Running,80,1,0.401
T04,2025-09-14,2025-09-02,2025-10-12,2025-10-02,4,0,348.3,62604,True,False,1,8.45,0.775,279,hold_for_maintenance,Auto-hold due to jobcards/high failure,Google,Depot B,20,0,0.0
T05,2025-09-14,2025-09-17,2025-09-28,2025-10-05,0,0,216.8,60590,True,True,13,16.95,0.067,288,,,Jio,Running,80,1,0.467
T06,2025-09-14,2025-09-08,2025-10-10,2025-09-18,0,0,311.0,30238,False,False,8,17.55,0.137,104,,,Tata Motors,Depot A,60,0,0.531
T07,2025-09-14,2025-10-27,2025-09-09,2025-11-27,0,24,396.5,65882,False,False,10,12.58,0.07,387,,,Amazon,Depot B,70,0,0.815
T08,2025-09-14,2025-11-26,2025-09-25,2025-09-06,0,0,445.0,55086,True,True,2,3.85,0.297,44,,,Infosys,Depot B,45,0,0.301
T09,2025-09-14,2025-10-29,2025-10-15,2025-09-18,0,0,350.2,44275,False,False,4,3.41,0.01,65,,,Airtel,Depot A,90,1,0.895
T10,2025-09-14,2025-09-17,2025-10-29,2025-10-26,3,24,466.9,41408,False,False,14,8.2,0.565,66,,,Tata Motors,Depot A,65,1,0.368
T11,2025-09-14,2025-10-22,2025-10-15,2025-09-27,2,0,455.2,33713,True,True,5,7.3,0.123,37,,,Tata Motors,Depot B,80,1,0.639
T12,2025-09-14,2025-10-29,2025-09-06,2025-10-14,0,0,369.9,64494,True,True,10,0.9,0.036,16,,,Amazon,Depot B,60,0,0.582
T13,2025-09-14,2025-10-17,2025-10-03,2025-11-17,1,8,192.7,35057,False,False,4,13.84,0.221,164,,,Google,Depot A,95,1,0.939
T14,2025-09-14,2025-11-05,2025-09-06,2025-09-20,2,0,293.0,83155,False,False,4,5.65,0.584,38,,,Amazon,Running,25,0,0.0
T15,2025-09-14,2025-11-13,2025-09-16,2025-09-28,2,0,335.7,26589,False,False,4,15.67,0.071,397,,,Infosys,Depot A,85,1,0.715
T16,2025-09-14,2025-11-19,2025-10-01,2025-10-13,0,0,124.3,33263,False,False,5,10.25,0.207,27,,,Amazon,Depot A,90,1,0.796
T17,2025-09-14,2025-09-13,2025-09-11,2025-11-27,1,24,173.0,83355,False,False,8,19.76,0.562,251,,,Google,Running,35,0,0.0
T18,2025-09-14,2025-09-14,2025-09-25,2025-09-07,2,0,188.8,53831,True,False,4,1.22,0.056,157,,,Airtel,Depot B,45,0,0.122
T19,2025-09-14,2025-10-02,2025-09-17,2025-08-27,2,0,313.7,60967,False,False,11,2.89,0.148,98,,,Jio,Depot B,55,0,0.376
T20,2025-09-14,2025-11-04,2025-09-30,2025-09-14,1,24,337.7,89412,True,False,15,16.48,0.42,203,,,Amazon,Depot B,75,1,0.44
T21,2025-09-14,2025-11-14,2025-09-28,2025-10-11,0,24,310.1,49525,True,False,1,6.06,0.056,238,,,Airtel,Depot A,90,1,0.822
T22,2025-09-14,2025-11-26,2025-09-15,2025-11-01,0,0,253.7,61033,True,True,5,8.86,0.106,287,,,Airtel,Depot B,90,1,0.847
T23,2025-09-14,2025-10-14,2025-09-15,2025-11-07,0,0,95.7,44062,False,False,6,27.86,0.268,381,,,Jio,Depot B,80,1,0.666
T24,2025-09-14,2025-10-22,2025-10-04,2025-08-31,1,4,370.5,54444,False,False,4,9.42,0.278,194,,,Airtel,Depot B,55,0,0.511
T25,2025-09-14,2025-11-03,2025-10-30,2025-11-14,1,8,322.3,41216,False,False,9,4.36,0.273,122,,,Jio,Depot B,85,1,0.814
T01,2025-09-15,2025-10-20,2025-10-25,2025-10-13,5,0,434.0,60561,False,False,5,16.91,0.197,215,hold_for_maintenance,Auto-hold due to jobcards/high failure,Google,Depot B,70,0,0.0
T02,2025-09-15,2025-09-29,2025-10-24,2025-11-22,0,0,277.0,86296,False,False,11,7.21,0.333,202,,,Infosys,Depot B,80,1,0.634
T03,2025-09-15,2025-10-28,2025-09-11,2025-11-07,0,0,301.7,65128,False,False,5,24.35,0.024,274,,,Pepsi,Depot B,60,0,0.588
T04,2025-09-15,2025-09-28,2025-10-10,2025-09-06,0,0,352.1,24835,True,True,12,3.09,0.13,258,,,Jio,Depot B,60,0,0.535
T05,2025-09-15,2025-09-03,2025-10-05,2025-11-12,0,0,429.3,64855,False,False,6,15.3,0.28,316,,,CocaCola,Depot A,40,0,0.26
T06,2025-09-15,2025-11-03,2025-10-27,2025-09-18,0,0,377.3,54589,False,False,13,9.24,0.018,286,,,CocaCola,Depot B,90,1,0.891
T07,2025-09-15,2025-09-29,2025-09-22,2025-10-26,1,0,224.3,37455,False,False,3,17.86,0.212,376,,,Infosys,Depot A,85,1,0.694
T08,2025-09-15,2025-10-10,2025-09-06,2025-11-03,5,0,238.8,24556,False,False,10,13.11,0.421,167,hold_for_maintenance,Auto-hold due to jobcards/high failure,Airtel,Depot A,40,0,0.0
T09,2025-09-15,2025-09-09,2025-10-22,2025-10-27,0,0,404.1,58730,True,True,2,8.25,0.085,83,,,CocaCola,Depot B,55,0,0.508
T10,2025-09-15,2025-09-27,2025-09-10,2025-11-02,4,0,174.6,51302,False,False,4,6.07,0.029,349,hold_for_maintenance,Auto-hold due to jobcards/high failure,Airtel,Running,40,0,0.0
T11,2025-09-15,2025-09-25,2025-10-18,2025-10-01,2,0,286.4,84565,False,False,10,11.03,0.419,289,,,Airtel,Running,65,1,0.041
T12,2025-09-15,2025-10-19,2025-09-27,2025-08-27,1,4,301.1,39581,False,False,15,4.46,0.221,379,,,Google,Depot A,65,0,0.639
T13,2025-09-15,2025-11-10,2025-09-16,2025-09-04,0,0,260.1,87932,False,False,4,12.49,0.332,240,,,Tata Motors,Running,40,0,0.0
T14,2025-09-15,2025-09-24,2025-10-13,2025-11-20,2,4,75.8,50874,True,True,11,4.28,0.189,398,,,Infosys,Depot A,95,1,0.905
T15,2025-09-15,2025-11-28,2025-10-13,2025-11-25,2,4,362.2,34693,False,False,10,10.91,0.281,6,,,CocaCola,Depot A,85,1,0.76
T16,2025-09-15,2025-11-17,2025-10-28,2025-10-02,0,0,189.3,24621,False,False,9,4.19,0.154,194,,,Tata Motors,Depot B,90,1,0.823
T17,2025-09-15,2025-09-06,2025-10-11,2025-10-26,1,8,299.4,51132,False,False,6,14.36,0.249,287,,,Tata Motors,Running,55,0,0.226
T18,2025-09-15,2025-10-03,2025-10-18,2025-11-11,0,0,366.0,75329,False,False,9,8.43,0.495,292,,,Infosys,Running,70,1,0.152
T19,2025-09-15,2025-10-27,2025-09-06,2025-11-17,2,8,332.7,58088,True,True,5,5.2,0.004,294,,,Airtel,Depot A,65,0,0.698
T20,2025-09-15,2025-11-17,2025-09-01,2025-10-20,0,0,434.3,56279,False,False,14,1.47,0.019,251,,,Google,Running,45,0,0.141
T21,2025-09-15,2025-09-13,2025-09-23,2025-10-26,2,4,363.7,46615,False,False,12,9.79,0.229,74,,,Infosys,Depot A,65,0,0.586
T22,2025-09-15,2025-10-02,2025-09-19,2025-11-09,4,12,240.7,39993,True,True,13,4.34,0.748,128,hold_for_maintenance,Auto-hold due to jobcards/high failure,CocaCola,Running,60,0,0.0
T23,2025-09-15,2025-10-14,2025-10-01,2025-09-30,0,4,387.2,0,False,False,2,19.41,0.172,347,,,CocaCola,Depot B,100,1,1.0
T24,2025-09-15,2025-10-06,2025-09-21,2025-11-14,1,0,425.2,32312,False,False,12,1.58,0.166,170,,,Google,Depot B,80,1,0.667
T25,2025-09-15,2025-11-15,2025-09-22,2025-09-19,0,24,403.2,65294,False,False,7,12.57,0.184,366,,,Google,Depot A,90,1,0.958
T01,2025-09-16,2025-11-02,2025-09-29,2025-09-20,0,0,249.1,70866,False,False,13,0.0,0.454,372,,,Infosys,Depot A,80,1,0.573
T02,2025-09-16,2025-09-12,2025-09-13,2025-11-30,2,24,300.4,66081,True,False,7,11.15,0.001,229,,,Pepsi,Depot A,55,0,0.4
T03,2025-09-16,2025-10-22,2025-10-31,2025-10-25,1,0,399.4,78105,True,False,4,15.5,0.369,190,,,Jio,Running,55,0,0.0
T04,2025-09-16,2025-11-12,2025-10-20,2025-09-09,2,0,259.4,62071,True,True,13,13.9,0.213,191,,,Airtel,Depot B,55,0,0.344
T05,2025-09-16,2025-11-05,2025-09-30,2025-10-08,0,0,226.1,67737,False,False,1,15.16,0.103,281,,,Airtel,Depot A,90,1,0.849
T06,2025-09-16,2025-09-02,2025-10-15,2025-10-12,0,0,256.0,54605,True,True,5,5.69,0.051,252,,,Airtel,Running,50,0,0.174
T07,2025-09-16,2025-11-17,2025-09-29,2025-11-08,0,8,390.8,53507,False,False,6,14.63,0.158,224,,,Jio,Depot B,100,1,1.0
T08,2025-09-16,2025-11-13,2025-09-14,2025-10-11,0,0,196.9,68020,True,False,3,7.16,0.209,99,,,Tata Motors,Depot A,50,0,0.196
T09,2025-09-16,2025-10-13,2025-10-24,2025-10-17,1,0,376.7,50979,False,False,8,19.02,0.019,270,,,Infosys,Depot B,85,1,0.79
T10,2025-09-16,2025-10-16,2025-10-24,2025-11-16,3,0,279.0,62360,True,True,8,2.13,0.618,206,hold_for_maintenance,Auto-hold due to jobcards/high failure,Tata Motors,Depot B,60,0,0.0
T11,2025-09-16,2025-09-22,2025-10-22,2025-09-08,0,12,234.4,28522,False,False,2,0.6,0.299,325,,,CocaCola,Running,50,0,0.201
T12,2025-09-16,2025-10-16,2025-09-21,2025-09-12,0,0,300.2,67052,False,False,5,2.43,0.234,279,hold_for_maintenance,Auto-hold due to jobcards/high failure,Infosys,Depot B,60,0,0.0
T13,2025-09-16,2025-10-19,2025-09-25,2025-09-15,0,4,365.2,56302,False,False,12,9.69,0.116,277,,,Pepsi,Depot A,70,0,0.792
T14,2025-09-16,2025-09-25,2025-10-22,2025-09-11,1,0,194.7,69826,True,False,9,20.94,0.214,253,,,CocaCola,Depot B,45,0,0.093
T15,2025-09-16,2025-11-25,2025-10-03,2025-09-24,0,0,305.0,36607,False,False,14,0.96,0.255,9,,,Jio,Depot A,80,1,0.673
T16,2025-09-16,2025-09-24,2025-10-15,2025-10-05,4,0,256.5,49070,False,False,1,10.59,0.454,155,hold_for_maintenance,Auto-hold due to jobcards/high failure,Pepsi,Depot A,70,0,0.0
T17,2025-09-16,2025-10-19,2025-09-08,2025-09-21,1,24,101.2,87847,False,False,10,4.04,0.411,43,,,Tata Motors,Running,45,0,0.045
T18,2025-09-16,2025-10-01,2025-09-23,2025-09-18,4,4,316.6,64466,True,True,4,3.92,0.462,36,hold_for_maintenance,Auto-hold due to jobcards/high failure,CocaCola,Depot A,80,0,0.0
T19,2025-09-16,2025-10-01,2025-09-20,2025-08-27,3,0,246.2,33093,True,True,1,14.03,0.007,174,,,Google,Depot A,50,0,0.346
T20,2025-09-16,2025-11-21,2025-09-20,2025-09-12,0,0,354.6,54318,False,False,8,12.04,0.043,69,,,Pepsi,Running,50,0,0.178
T21,2025-09-16,2025-09-20,2025-09-18,2025-09-02,3,0,158.0,59137,False,False,7,9.25,0.766,133,hold_for_maintenance,Auto-hold due to jobcards/high failure,Tata Motors,Running,20,0,0.0
T22,2025-09-16,2025-09-14,2025-10-26,2025-09-01,0,8,322.4,79368,False,False,4,2.25,0.548,25,,,Amazon,Depot B,50,0,0.376
T23,2025-09-16,2025-10-16,2025-10-10,2025-11-01,3,12,335.4,46170,True,False,9,13.86,0.19,83,,,Google,Depot A,80,1,0.505
T24,2025-09-16,2025-09-24,2025-09-17,2025-09-10,0,0,361.7,31489,False,False,2,0.29,0.125,126,,,Pepsi,Running,50,0,0.138
T25,2025-09-16,2025-09-18,2025-10-27,2025-08-29,4,4,169.4,17099,False,False,8,12.67,0.603,202,hold_for_maintenance,Auto-hold due to jobcards/high failure,Pepsi,Running,30,0,0.0
T01,2025-09-17,2025-11-18,2025-10-19,2025-10-02,1,0,0.0,50610,False,False,13,3.37,0.071,303,,,Tata Motors,Depot A,85,1,0.764
T02,2025-09-17,2025-11-24,2025-09-15,2025-11-30,1,0,313.5,48467,False,False,9,3.15,0.007,72,,,Infosys,Depot A,55,0,0.497
T03,2025-09-17,2025-09-14,2025-10-26,2025-10-13,1,0,230.5,33384,False,False,3,2.47,0.105,117,,,Infosys,Running,45,0,0.048
T04,2025-09-17,2025-09-16,2025-10-07,2025-11-10,0,12,347.0,68259,False,False,2,29.86,0.012,116,,,Google,Depot A,70,0,0.844
T05,2025-09-17,2025-09-18,2025-10-03,2025-09-11,0,4,280.3,54201,False,False,1,14.66,0.19,296,,,Infosys,Depot A,70,0,0.755
T06,2025-09-17,2025-09-10,2025-09-22,2025-11-16,1,12,358.6,50185,False,False,4,25.91,0.186,124,,,Tata Motors,Depot A,65,0,0.657
T07,2025-09-17,2025-10-09,2025-10-04,2025-09-16,1,0,367.6,25780,False,False,7,0.29,0.071,201,,,Amazon,Depot B,55,0,0.465
T08,2025-09-17,2025-11-16,2025-09-15,2025-11-22,0,8,379.6,65028,False,False,11,14.52,0.094,294,,,CocaCola,Depot A,70,0,0.803
T09,2025-09-17,2025-11-11,2025-10-27,2025-09-12,0,0,239.6,46157,False,False,13,4.38,0.289,98,,,Amazon,Depot A,50,0,0.356
T10,2025-09-17,2025-11-18,2025-09-24,2025-11-14,1,0,242.5,46796,True,True,15,12.35,0.035,127,,,Amazon,Running,75,1,0.383
T11,2025-09-17,2025-09-30,2025-10-06,2025-09-14,0,8,212.6,46147,False,False,7,4.13,0.196,70,,,Google,Depot B,70,0,0.752
T12,2025-09-17,2025-11-17,2025-09-28,2025-08-29,3,0,149.7,11447,False,False,3,3.92,0.037,339,,,Google,Depot A,50,0,0.331
T13,2025-09-17,2025-09-03,2025-10-14,2025-10-14,1,24,385.3,26475,False,False,11,11.82,0.044,219,,,Amazon,Running,55,0,0.328
T14,2025-09-17,2025-11-02,2025-09-30,2025-09-08,2,0,419.1,45029,False,False,2,10.49,0.106,154,,,Infosys,Depot B,50,0,0.347
T15,2025-09-17,2025-11-06,2025-09-13,2025-10-25,0,0,337.6,34603,False,False,9,5.53,0.227,12,,,CocaCola,Depot B,60,0,0.486
T16,2025-09-17,2025-11-17,2025-10-13,2025-11-12,4,24,119.3,25415,False,False,2,14.43,0.539,32,hold_for_maintenance,Auto-hold due to jobcards/high failure,Jio,Depot B,70,0,0.0
T17,2025-09-17,2025-10-22,2025-10-23,2025-11-25,2,0,396.7,60929,False,False,5,1.37,0.019,15,,,Jio,Depot A,85,1,0.741
T18,2025-09-17,2025-09-08,2025-09-16,2025-09-28,0,4,313.2,53280,False,False,12,0.79,0.103,13,,,Infosys,Depot B,70,0,0.798
T19,2025-09-17,2025-11-06,2025-09-12,2025-11-24,2,0,345.4,37707,False,False,9,13.29,0.025,268,,,Jio,Depot A,55,0,0.438
T20,2025-09-17,2025-10-09,2025-09-14,2025-11-09,4,12,412.3,24778,False,False,15,28.91,0.553,19,hold_for_maintenance,Auto-hold due to jobcards/high failure,Google,Running,25,0,0.0
T21,2025-09-17,2025-11-08,2025-09-22,2025-10-31,5,0,273.2,55567,True,True,14,19.47,0.003,387,hold_for_maintenance,Auto-hold due to jobcards/high failure,Tata Motors,Depot B,80,0,0.0
T22,2025-09-17,2025-09-09,2025-09-13,2025-11-13,0,0,250.1,103276,True,True,1,2.39,0.311,322,,,Google,Depot B,50,0,0.345
T23,2025-09-17,2025-10-30,2025-10-05,2025-11-05,0,0,317.6,78641,False,False,8,6.05,0.368,393,,,Airtel,Depot A,80,1,0.616
T24,2025-09-17,2025-11-16,2025-10-26,2025-10-03,2,12,190.1,36373,True,True,3,3.46,0.138,160,,,Pepsi,Running,85,1,0.531
T25,2025-09-17,2025-09-15,2025-09-15,2025-08-31,5,8,205.7,61764,False,False,15,12.74,0.731,57,hold_for_maintenance,Auto-hold due to jobcards/high failure,CocaCola,Depot A,40,0,0.0
T01,2025-09-18,2025-11-23,2025-10-12,2025-10-19,1,12,332.8,62683,True,False,10,25.33,0.116,390,,,CocaCola,Depot B,85,1,0.692
T02,2025-09-18,2025-10-20,2025-09-23,2025-09-08,0,12,368.4,23913,False,False,10,9.63,0.184,140,,,Airtel,Depot B,70,0,0.758
T03,2025-09-18,2025-09-19,2025-09-08,2025-09-08,3,0,380.5,28586,False,False,3,9.56,0.638,8,hold_for_maintenance,Auto-hold due to jobcards/high failure,Amazon,Depot B,30,0,0.0
T04,2025-09-18,2025-09-03,2025-09-25,2025-08-31,2,0,322.5,28488,False,False,1,5.95,0.215,134,,,Pepsi,Running,45,0,0.0
T05,2025-09-18,2025-09-01,2025-09-20,2025-09-03,1,8,324.8,52768,False,False,4,3.98,0.122,167,,,Airtel,Depot A,65,0,0.689
T06,2025-09-18,2025-10-08,2025-10-14,2025-11-03,1,0,245.5,54566,False,False,15,21.77,0.293,70,,,Pepsi,Running,65,1,0.154
T07,2025-09-18,2025-11-10,2025-10-25,2025-09-16,3,12,444.0,32969,False,False,6,21.65,0.249,350,,,CocaCola,Running,45,0,0.026
T08,2025-09-18,2025-10-16,2025-10-15,2025-10-16,3,12,436.6,42579,True,True,11,18.67,0.553,341,,,Tata Motors,Running,55,0,0.0
T09,2025-09-18,2025-09-12,2025-09-24,2025-10-21,1,12,336.8,30675,False,False,15,1.29,0.001,201,,,Pepsi,Running,55,0,0.35
T10,2025-09-18,2025-11-28,2025-09-04,2025-09-03,1,0,282.7,54373,False,False,4,1.07,0.284,305,,,Jio,Running,35,0,0.0
T11,2025-09-18,2025-10-11,2025-10-10,2025-10-01,0,0,44.4,33287,False,False,2,6.35,0.253,330,,,Pepsi,Depot B,80,1,0.673
T12,2025-09-18,2025-11-10,2025-09-07,2025-10-11,5,0,332.6,30917,False,False,4,17.01,0.736,136,hold_for_maintenance,Auto-hold due to jobcards/high failure,Infosys,Running,20,0,0.0
T13,2025-09-18,2025-11-09,2025-09-06,2025-10-24,1,12,429.0,46706,True,False,12,5.22,0.297,52,,,Tata Motors,Running,30,0,0.0
T14,2025-09-18,2025-10-01,2025-10-02,2025-11-23,1,0,301.6,25703,False,False,15,29.61,0.025,73,,,Tata Motors,Depot A,85,1,0.787
T15,2025-09-18,2025-09-11,2025-10-17,2025-09-20,0,0,311.6,40654,True,True,11,11.48,0.024,389,,,Infosys,Depot A,60,0,0.588
T16,2025-09-18,2025-11-13,2025-10-03,2025-11-13,4,0,299.9,53745,False,False,3,20.14,0.327,225,hold_for_maintenance,Auto-hold due to jobcards/high failure,CocaCola,Running,60,0,0.0
T17,2025-09-18,2025-11-19,2025-10-17,2025-11-24,1,12,394.9,38444,False,False,2,17.68,0.037,159,,,Jio,Depot A,95,1,1.0
T18,2025-09-18,2025-09-14,2025-10-02,2025-10-13,1,0,270.9,40519,False,False,7,34.67,0.249,52,,,Tata Motors,Depot A,55,0,0.376
T19,2025-09-18,2025-09-06,2025-09-18,2025-11-06,3,8,445.1,45950,True,True,1,19.83,0.493,214,,,CocaCola,Depot B,45,0,0.203
T20,2025-09-18,2025-11-08,2025-09-16,2025-09-10,4,8,211.0,61928,False,False,13,3.22,0.174,57,hold_for_maintenance,Auto-hold due to jobcards/high failure,Pepsi,Depot B,60,0,0.0
T21,2025-09-18,2025-10-30,2025-09-08,2025-11-01,1,0,169.5,57611,True,False,3,5.31,0.094,17,,,Pepsi,Depot B,45,0,0.153
T22,2025-09-18,2025-11-21,2025-09-01,2025-09-24,0,0,295.6,43415,True,False,2,11.82,0.255,371,,,Amazon,Depot B,40,0,0.073
T23,2025-09-18,2025-10-01,2025-10-22,2025-09-04,4,0,277.0,73339,False,False,6,20.52,0.879,226,hold_for_maintenance,Auto-hold due to jobcards/high failure,Tata Motors,Running,20,0,0.0
T24,2025-09-18,2025-10-04,2025-10-01,2025-11-05,1,0,252.4,13996,False,False,9,5.33,0.217,371,,,Airtel,Running,75,1,0.291
T25,2025-09-18,2025-11-18,2025-10-09,2025-10-22,3,12,206.1,61995,False,False,11,6.68,0.401,60,,,CocaCola,Depot B,80,1,0.6
T01,2025-09-19,2025-11-10,2025-09-12,2025-10-28,5,12,300.6,53108,False,False,6,0.86,0.69,147,hold_for_maintenance,Auto-hold due to jobcards/high failure,Google,Depot A,40,0,0.0
T02,2025-09-19,2025-09-04,2025-10-11,2025-10-15,2,0,419.0,61960,False,False,4,1.41,0.185,199,,,Airtel,Depot B,45,0,0.258
T03,2025-09-19,2025-10-10,2025-09-22,2025-09-21,0,8,425.6,100916,True,False,9,20.66,0.334,264,,,Infosys,Running,60,1,0.083
T04,2025-09-19,2025-10-18,2025-09-12,2025-11-14,1,0,390.3,60117,True,True,7,4.98,0.213,148,,,CocaCola,Running,45,0,0.0
T05,2025-09-19,2025-10-16,2025-10-14,2025-09-13,1,4,207.0,61028,True,True,12,14.82,0.118,51,,,Airtel,Depot A,65,0,0.691
T06,2025-09-19,2025-09-19,2025-09-07,2025-09-15,0,0,323.4,45945,False,False,7,11.0,0.102,195,,,Pepsi,Running,50,0,0.149
T07,2025-09-19,2025-11-01,2025-09-08,2025-09-10,0,4,142.2,52755,False,False,8,13.36,0.104,97,,,Airtel,Running,60,0,0.398
T08,2025-09-19,2025-09-25,2025-10-28,2025-10-21,3,0,432.2,49282,True,True,4,8.93,0.315,194,,,Tata Motors,Depot B,65,1,0.343
T09,2025-09-19,2025-09-17,2025-09-03,2025-10-04,0,8,295.4,69576,False,False,6,0.23,0.033,49,,,Jio,Depot B,70,0,0.834
T10,2025-09-19,2025-10-09,2025-10-09,2025-09-19,0,0,265.8,43280,False,False,11,8.83,0.001,117,,,Google,Depot B,90,1,0.9
T11,2025-09-19,2025-11-17,2025-09-05,2025-09-06,3,12,290.0,24422,True,True,9,8.13,0.102,291,,,Google,Depot B,60,0,0.549
T12,2025-09-19,2025-11-16,2025-10-09,2025-09-06,0,4,385.1,87693,False,False,1,24.72,0.452,230,,,Airtel,Depot A,60,0,0.524
T13,2025-09-19,2025-11-13,2025-10-12,2025-11-16,0,0,325.0,34078,False,False,1,6.47,0.041,249,,,Google,Depot A,90,1,0.88
T14,2025-09-19,2025-10-01,2025-10-26,2025-09-13,1,4,310.0,24061,False,False,1,15.13,0.278,231,,,CocaCola,Depot B,55,0,0.511
T15,2025-09-19,2025-11-12,2025-09-27,2025-10-21,1,0,378.3,23444,False,False,1,4.99,0.053,232,,,Jio,Depot B,85,1,0.773
T16,2025-09-19,2025-09-17,2025-10-20,2025-11-24,0,0,397.6,40560,True,False,4,0.5,0.054,218,,,CocaCola,Running,40,0,0.0
T17,2025-09-19,2025-11-04,2025-10-16,2025-09-27,1,0,220.8,46060,False,False,3,4.35,0.012,140,,,Amazon,Depot A,85,1,0.794
T18,2025-09-19,2025-11-06,2025-10-25,2025-11-23,3,0,449.4,32502,False,False,7,21.72,0.017,384,,,Infosys,Running,65,1,0.192
T19,2025-09-19,2025-11-15,2025-10-21,2025-11-21,0,8,338.6,61913,False,False,12,7.73,0.155,350,,,Google,Depot B,100,1,1.0
T20,2025-09-19,2025-09-21,2025-09-20,2025-10-24,0,0,272.2,36996,True,True,11,14.07,0.07,382,,,Pepsi,Running,80,1,0.465
T21,2025-09-19,2025-09-10,2025-09-09,2025-10-30,0,4,358.5,70649,True,False,10,18.54,0.558,385,,,CocaCola,Running,30,0,0.0
T22,2025-09-19,2025-09-07,2025-10-29,2025-11-18,1,24,333.1,40053,False,False,9,1.67,0.155,174,,,Google,Depot A,65,0,0.672
T23,2025-09-19,2025-10-03,2025-10-21,2025-11-12,0,4,263.0,55300,False,False,14,4.13,0.282,40,,,Infosys,Depot A,90,1,0.909
T24,2025-09-19,2025-11-09,2025-09-21,2025-11-02,0,0,252.3,17420,False,False,10,10.84,0.131,350,,,Airtel,Running,80,1,0.435
T25,2025-09-19,2025-11-03,2025-10-23,2025-11-22,0,0,342.3,19205,False,False,3,1.25,0.124,286,,,Amazon,Depot B,90,1,0.838
T01,2025-09-20,2025-09-11,2025-10-15,2025-10-14,0,12,434.3,40353,False,False,3,18.45,0.13,252,,,CocaCola,Running,55,0,0.335
T02,2025-09-20,2025-10-19,2025-09-06,2025-09-11,0,0,165.0,74779,False,False,12,7.87,0.518,107,,,CocaCola,Depot A,40,0,0.141
T03,2025-09-20,2025-09-22,2025-09-20,2025-11-29,3,12,211.7,69662,False,False,2,8.37,0.318,295,,,Tata Motors,Depot B,80,1,0.641
T04,2025-09-20,2025-10-28,2025-09-07,2025-11-12,0,0,288.8,12402,False,False,1,23.13,0.214,355,,,Amazon,Running,50,0,0.093
T05,2025-09-20,2025-11-07,2025-09-08,2025-11-17,3,24,183.7,78283,False,False,5,3.29,0.642,170,hold_for_maintenance,Auto-hold due to jobcards/high failure,Airtel,Depot B,40,0,0.0
T06,2025-09-20,2025-10-09,2025-09-13,2025-11-29,0,0,307.1,38836,True,False,5,24.79,0.259,171,,,CocaCola,Depot B,40,0,0.071
T07,2025-09-20,2025-10-24,2025-10-23,2025-09-19,1,0,390.4,54350,False,False,6,1.57,0.154,367,,,CocaCola,Depot B,55,0,0.423
T08,2025-09-20,2025-11-27,2025-09-18,2025-09-20,3,0,321.8,0,False,False,14,18.62,0.672,129,hold_for_maintenance,Auto-hold due to jobcards/high failure,Pepsi,Depot B,30,0,0.0
T09,2025-09-20,2025-10-29,2025-09-28,2025-09-29,0,12,274.4,53198,False,False,3,1.9,0.207,120,,,Amazon,Running,90,1,0.647
T10,2025-09-20,2025-09-22,2025-09-26,2025-11-28,1,24,233.3,32456,False,False,12,4.31,0.014,24,,,Jio,Depot B,95,1,1.0
T11,2025-09-20,2025-10-06,2025-10-26,2025-09-03,1,8,415.6,70364,False,False,11,11.99,0.374,300,,,CocaCola,Running,35,0,0.0
T12,2025-09-20,2025-10-09,2025-10-03,2025-10-18,0,12,325.7,56622,False,False,10,20.36,0.252,8,,,Infosys,Depot A,90,1,0.924
T13,2025-09-20,2025-11-26,2025-09-06,2025-10-15,5,0,307.5,30151,False,False,5,6.68,0.273,392,hold_for_maintenance,Auto-hold due to jobcards/high failure,Google,Running,30,0,0.0
T14,2025-09-20,2025-11-13,2025-09-26,2025-11-02,5,4,144.6,47183,False,False,11,1.89,0.049,202,hold_for_maintenance,Auto-hold due to jobcards/high failure,Infosys,Running,80,0,0.0
T15,2025-09-20,2025-11-27,2025-09-22,2025-10-14,0,24,239.4,52905,False,False,13,5.11,0.261,36,,,CocaCola,Depot A,90,1,0.92
T16,2025-09-20,2025-11-07,2025-09-07,2025-11-10,0,0,311.9,11552,False,False,14,20.85,0.111,315,,,Jio,Running,50,0,0.145
T17,2025-09-20,2025-10-20,2025-10-28,2025-10-17,2,0,344.9,68056,False,False,14,10.89,0.261,80,,,Google,Running,65,1,0.12
T18,2025-09-20,2025-11-28,2025-09-26,2025-10-11,1,0,318.0,68528,False,False,4,6.67,0.295,201,,,Google,Running,65,1,0.153
T19,2025-09-20,2025-11-08,2025-09-09,2025-09-29,1,12,156.7,63803,False,False,5,8.45,0.027,103,,,Airtel,Running,55,0,0.337
T20,2025-09-20,2025-09-06,2025-09-21,2025-11-01,1,0,293.2,62735,False,False,2,5.71,0.141,309,,,Google,Depot A,55,0,0.43
T21,2025-09-20,2025-09-23,2025-09-29,2025-08-30,0,0,262.9,41668,True,True,11,3.55,0.11,133,,,CocaCola,Depot B,60,0,0.545
T22,2025-09-20,2025-09-20,2025-09-30,2025-10-19,4,0,303.4,43259,False,False,7,8.72,0.656,49,hold_for_maintenance,Auto-hold due to jobcards/high failure,Jio,Depot B,60,0,0.0
T23,2025-09-20,2025-10-26,2025-09-24,2025-10-23,0,0,271.8,34284,False,False,7,7.45,0.22,316,,,Airtel,Depot A,90,1,0.79
T24,2025-09-20,2025-10-08,2025-10-28,2025-11-04,4,8,387.1,25771,False,False,9,24.8,0.346,386,hold_for_maintenance,Auto-hold due to jobcards/high failure,CocaCola,Running,70,0,0.0
T25,2025-09-20,2025-10-14,2025-09-09,2025-11-19,0,0,333.7,55543,True,False,7,4.82,0.149,206,,,CocaCola,Running,40,0,0.0
T01,2025-09-21,2025-10-16,2025-10-12,2025-10-09,0,4,258.8,31895,False,False,4,11.95,0.17,285,,,Jio,Depot A,100,1,1.0
T02,2025-09-21,2025-09-10,2025-10-27,2025-09-26,0,4,248.9,54790,False,False,8,15.5,0.146,68,,,Infosys,Depot B,70,0,0.777
T03,2025-09-21,2025-11-10,2025-09-04,2025-11-16,1,24,318.2,16918,True,False,15,9.33,0.104,47,,,Jio,Running,45,0,0.0
T04,2025-09-21,2025-11-01,2025-10-18,2025-09-17,0,4,273.0,29983,False,False,11,28.39,0.282,203,,,Airtel,Depot A,60,0,0.609
T05,2025-09-21,2025-10-27,2025-09-29,2025-09-28,0,0,218.4,50067,True,False,15,20.84,0.126,324,,,Infosys,Running,70,1,0.137
T06,2025-09-21,2025-09-26,2025-09-22,2025-09-05,2,0,375.3,79356,False,False,8,23.46,0.367,140,,,Google,Running,35,0,0.0
T07,2025-09-21,2025-09-14,2025-10-31,2025-11-29,0,0,406.6,82486,False,False,12,4.5,0.537,236,,,Jio,Depot A,30,0,0.031
T08,2025-09-21,2025-11-05,2025-09-26,2025-09-29,0,0,312.8,71632,False,False,11,5.45,0.562,273,,,Jio,Depot B,70,1,0.419
T09,2025-09-21,2025-10-05,2025-09-03,2025-10-07,3,4,259.6,86663,False,False,2,3.28,0.904,148,hold_for_maintenance,Auto-hold due to jobcards/high failure,Jio,Depot B,40,0,0.0
T10,2025-09-21,2025-11-13,2025-10-25,2025-10-03,0,0,367.0,48216,True,False,7,5.09,0.063,82,,,Tata Motors,Running,70,1,0.168
T11,2025-09-21,2025-11-28,2025-10-09,2025-09-11,0,4,257.7,45021,False,False,3,11.43,0.187,78,,,Google,Running,60,0,0.356
T12,2025-09-21,2025-10-31,2025-09-05,2025-11-17,1,0,115.5,70942,False,False,4,2.01,0.485,313,,,Amazon,Depot A,45,0,0.158
T13,2025-09-21,2025-11-26,2025-09-26,2025-09-07,0,0,368.1,82299,False,False,7,6.99,0.514,47,,,Jio,Running,30,0,0.0
T14,2025-09-21,2025-09-11,2025-09-28,2025-09-30,0,0,357.4,57828,False,False,9,1.98,0.112,92,,,Pepsi,Depot B,60,0,0.544
T15,2025-09-21,2025-09-15,2025-09-03,2025-11-15,1,0,189.0,73639,False,False,12,11.09,0.336,344,,,CocaCola,Running,35,0,0.0
T16,2025-09-21,2025-10-11,2025-09-18,2025-11-03,2,0,146.9,32867,False,False,5,1.17,0.09,179,,,Google,Running,45,0,0.005
T17,2025-09-21,2025-09-07,2025-10-03,2025-09-23,4,0,229.5,47370,False,False,3,27.64,0.442,92,hold_for_maintenance,Auto-hold due to jobcards/high failure,Airtel,Depot A,40,0,0.0
T18,2025-09-21,2025-09-03,2025-10-23,2025-09-28,0,8,243.0,90636,False,False,15,1.15,0.587,351,,,CocaCola,Depot A,50,0,0.357
T19,2025-09-21,2025-10-03,2025-10-13,2025-11-04,1,0,271.6,43296,True,False,10,6.33,0.06,168,,,Tata Motors,Depot A,75,1,0.47
T20,2025-09-21,2025-11-25,2025-10-10,2025-10-27,0,0,280.9,42578,False,False,13,5.98,0.144,276,,,Tata Motors,Running,80,1,0.428
T21,2025-09-21,2025-11-18,2025-10-20,2025-08-30,1,0,312.4,40514,False,False,11,9.57,0.046,387,,,CocaCola,Running,45,0,0.077
T22,2025-09-21,2025-11-15,2025-10-28,2025-10-08,0,12,267.7,59208,False,False,5,21.69,0.175,155,,,Google,Depot B,100,1,1.0
T23,2025-09-21,2025-09-04,2025-09-21,2025-10-11,2,0,104.2,34701,True,False,12,1.34,0.27,119,,,CocaCola,Depot B,35,0,0.0
T24,2025-09-21,2025-10-21,2025-10-15,2025-08-30,3,0,373.6,52487,False,False,11,5.27,0.384,271,,,Amazon,Depot B,40,0,0.058
T25,2025-09-21,2025-11-10,2025-09-24,2025-09-21,0,0,290.0,45074,False,False,7,11.6,0.295,16,,,Pepsi,Depot B,80,1,0.653
T01,2025-09-22,2025-10-24,2025-09-01,2025-09-06,0,0,215.7,52762,False,False,10,9.83,0.108,75,,,Airtel,Depot B,60,0,0.546
T02,2025-09-22,2025-11-11,2025-10-19,2025-09-02,0,24,401.2,12709,False,False,15,13.58,0.036,162,,,CocaCola,Depot A,65,0,0.782
T03,2025-09-22,2025-09-07,2025-10-13,2025-10-09,2,4,209.6,57291,False,False,3,6.7,0.121,140,,,Amazon,Running,55,0,0.24
T04,2025-09-22,2025-10-07,2025-10-10,2025-09-17,0,0,185.9,79033,False,False,14,2.53,0.385,11,,,Jio,Running,40,0,0.0
T05,2025-09-22,2025-09-29,2025-10-09,2025-09-03,0,4,296.9,63941,False,False,1,7.1,0.05,181,,,CocaCola,Depot B,70,0,0.825
T06,2025-09-22,2025-10-01,2025-09-02,2025-11-13,0,0,330.7,33083,False,False,13,2.77,0.262,268,,,CocaCola,Depot B,50,0,0.369
T07,2025-09-22,2025-11-30,2025-10-06,2025-11-29,1,0,187.6,56898,False,False,7,1.85,0.021,276,,,Pepsi,Depot B,85,1,0.789
T08,2025-09-22,2025-10-24,2025-09-01,2025-11-29,4,0,201.4,57364,True,False,11,5.35,0.056,314,hold_for_maintenance,Auto-hold due to jobcards/high failure,Airtel,Running,30,0,0.0
T09,2025-09-22,2025-09-25,2025-10-30,2025-10-07,0,0,229.5,53417,False,False,10,11.12,0.294,278,,,Amazon,Depot A,80,1,0.653
T10,2025-09-22,2025-09-17,2025-09-17,2025-09-09,0,0,299.0,32942,False,False,14,8.08,0.044,329,,,CocaCola,Depot B,60,0,0.578
T11,2025-09-22,2025-10-12,2025-09-13,2025-10-16,0,0,211.3,64633,False,False,10,2.45,0.058,178,,,Amazon,Depot B,60,0,0.571
T12,2025-09-22,2025-10-03,2025-09-27,2025-09-28,0,0,316.7,36074,False,False,4,16.02,0.035,296,,,Google,Running,80,1,0.483
T13,2025-09-22,2025-09-01,2025-09-07,2025-11-19,2,4,218.8,25444,False,False,12,13.11,0.241,171,,,Google,Running,55,0,0.18
T14,2025-09-22,2025-11-07,2025-09-25,2025-11-30,1,12,219.8,45743,False,False,3,2.95,0.232,385,,,Amazon,Depot A,95,1,0.934
T15,2025-09-22,2025-10-16,2025-10-26,2025-11-09,1,24,430.1,29045,True,True,12,3.77,0.045,40,,,Airtel,Depot B,90,1,0.978
T16,2025-09-22,2025-09-29,2025-10-21,2025-10-03,0,0,275.6,90573,True,True,13,4.75,0.362,235,,,Amazon,Depot B,80,1,0.619
T17,2025-09-22,2025-11-23,2025-10-09,2025-10-02,0,0,370.0,36742,False,False,5,24.89,0.049,7,,,Jio,Running,80,1,0.476
T18,2025-09-22,2025-09-03,2025-10-27,2025-11-30,1,4,407.8,61749,False,False,2,14.35,0.232,264,,,,Depot A,55,0,0.384
T19,2025-09-22,2025-11-06,2025-10-07,2025-08-30,0,12,441.9,60979,False,False,15,22.6,0.134,54,,,Amazon,Depot B,60,0,0.683
T20,2025-09-22,2025-10-12,2025-10-17,2025-10-09,3,8,259.4,50704,False,False,14,13.84,0.531,224,,,CocaCola,Running,60,1,0.034
T21,2025-09-22,2025-11-04,2025-10-09,2025-11-27,1,12,306.0,72638,False,False,5,4.96,0.587,318,,,Google,Depot B,75,1,0.556
T22,2025-09-22,2025-11-21,2025-10-06,2025-10-26,0,0,380.9,72068,True,False,7,13.26,0.44,119,,,Google,Depot A,70,1,0.28
T23,2025-09-22,2025-10-28,2025-10-25,2025-09-12,5,0,175.6,75469,True,False,8,1.54,0.7,224,hold_for_maintenance,Auto-hold due to jobcards/high failure,Infosys,Depot A,20,0,0.0
T24,2025-09-22,2025-10-10,2025-10-29,2025-11-19,1,0,350.1,15304,True,True,12,7.8,0.2,226,,,Pepsi,Depot B,85,1,0.7
T25,2025-09-22,2025-09-14,2025-10-17,2025-10-24,1,4,274.1,57897,False,False,11,24.96,0.125,233,,,Airtel,Running,55,0,0.288
T01,2025-09-23,2025-11-03,2025-09-16,2025-09-03,1,12,376.5,26945,False,False,12,18.07,0.15,175,,,,Running,55,0,0.125
T02,2025-09-23,2025-09-08,2025-09-05,2025-09-08,0,4,435.6,44671,False,False,10,2.95,0.065,73,,,Jio,Running,55,0,0.368
T03,2025-09-23,2025-11-18,2025-10-09,2025-08-31,0,0,330.5,58298,False,False,8,0.15,0.13,195,,,Pepsi,Running,50,0,0.135
T04,2025-09-23,2025-11-22,2025-09-29,2025-09-24,1,4,377.2,37997,True,True,11,4.94,0.092,100,,,Airtel,Running,85,1,0.604
T05,2025-09-23,2025-09-03,2025-10-03,2025-09-16,0,0,232.4,77258,True,True,9,17.29,0.566,150,,,CocaCola,Running,30,0,0.0
T06,2025-09-23,2025-11-21,2025-10-30,2025-08-31,0,0,146.5,32184,True,True,2,15.61,0.074,290,,,Google,Depot A,60,0,0.563
T07,2025-09-23,2025-11-09,2025-10-29,2025-09-28,0,12,424.8,64980,True,True,10,8.1,0.189,342,,,Infosys,Running,80,1,0.556
T08,2025-09-23,2025-09-23,2025-10-06,2025-11-23,0,0,330.0,46755,False,False,2,11.02,0.208,155,,,CocaCola,Depot A,90,1,0.796
T09,2025-09-23,2025-11-18,2025-10-15,2025-09-21,0,0,388.8,95453,False,False,3,1.4,0.535,329,,,Google,Depot B,40,0,0.133
T10,2025-09-23,2025-09-21,2025-10-12,2025-08-29,3,24,237.2,63947,False,False,3,10.83,0.432,305,,,Airtel,Depot B,50,0,0.284
T11,2025-09-23,2025-09-24,2025-10-19,2025-09-16,0,0,213.8,67363,True,False,15,3.91,0.297,276,,,CocaCola,Depot A,40,0,0.052
T12,2025-09-23,2025-10-19,2025-10-04,2025-10-30,0,0,321.6,58990,False,False,7,14.94,0.232,347,,,CocaCola,Depot B,90,1,0.784
T13,2025-09-23,2025-09-19,2025-10-20,2025-10-31,1,0,338.7,84597,False,False,11,6.26,0.569,174,,,Amazon,Depot B,35,0,0.015
T14,2025-09-23,2025-09-03,2025-10-19,2025-09-12,0,0,351.8,41291,False,False,14,24.22,0.053,308,,,Amazon,Running,50,0,0.173
T15,2025-09-23,2025-11-23,2025-09-08,2025-09-23,0,0,423.3,82422,True,True,11,16.92,0.342,124,,,Jio,Running,30,0,0.0
T16,2025-09-23,2025-10-07,2025-09-23,2025-08-27,0,0,298.6,41148,False,False,4,13.0,0.046,29,,,Tata Motors,Depot B,60,0,0.577
T17,2025-09-23,2025-09-14,2025-10-22,2025-10-26,0,8,395.7,44210,False,False,6,15.41,0.055,351,,,Google,Depot B,70,0,0.823
T18,2025-09-23,2025-11-16,2025-10-01,2025-11-23,1,24,211.4,70158,True,False,6,3.71,0.424,109,,,Pepsi,Depot A,75,1,0.438
T19,2025-09-23,2025-09-08,2025-10-11,2025-10-01,5,24,326.5,42012,False,False,13,13.06,0.693,385,hold_for_maintenance,Auto-hold due to jobcards/high failure,Amazon,Depot A,40,0,0.0
T20,2025-09-23,2025-10-29,2025-10-21,2025-10-18,2,0,324.0,61858,False,False,3,14.52,0.069,80,,,Airtel,Depot B,85,1,0.716
T21,2025-09-23,2025-09-17,2025-10-28,2025-10-18,0,12,316.0,74753,False,False,1,8.68,0.328,358,,,Infosys,Depot B,60,0,0.586
T22,2025-09-23,2025-11-29,2025-09-13,2025-09-21,3,0,323.9,42106,False,False,1,9.19,0.232,399,,,Infosys,Depot A,50,0,0.234
T23,2025-09-23,2025-10-31,2025-10-19,2025-11-01,1,24,289.2,30564,False,False,3,12.09,0.277,131,,,Tata Motors,Depot B,85,1,0.811
T24,2025-09-23,2025-11-02,2025-09-26,2025-09-19,0,0,342.0,50773,False,False,6,1.22,0.054,104,,,Tata Motors,Depot A,60,0,0.573
T25,2025-09-23,2025-09-21,2025-09-26,2025-10-27,0,0,210.8,59699,False,False,7,2.36,0.164,352,,,Airtel,Depot B,60,0,0.518
T01,2025-09-24,2025-09-07,2025-10-01,2025-09-28,0,0,275.3,52540,True,True,1,2.61,0.249,399,,,Pepsi,Depot A,60,0,0.475
T02,2025-09-24,2025-11-23,2025-09-30,2025-09-10,3,12,281.3,82790,False,False,11,7.23,0.445,89,,,CocaCola,Running,40,0,0.0
T03,2025-09-24,2025-10-02,2025-10-07,2025-11-20,0,0,311.0,61789,False,False,15,13.98,0.222,229,,,Airtel,Depot B,90,1,0.789
T04,2025-09-24,2025-10-18,2025-09-20,2025-09-20,0,12,488.8,64210,False,False,4,4.2,0.18,275,,,Tata Motors,Running,50,0,0.26
T05,2025-09-24,2025-09-29,2025-09-10,2025-09-24,2,24,325.6,58473,True,False,8,1.43,0.012,56,,,Google,Depot B,55,0,0.394
T06,2025-09-24,2025-11-04,2025-10-17,2025-09-12,1,12,346.0,34524,False,False,10,31.83,0.133,303,,,Tata Motors,Running,55,0,0.284
T07,2025-09-24,2025-09-07,2025-10-08,2025-11-02,0,0,317.8,17661,True,True,8,9.6,0.143,76,,,Google,Running,50,0,0.129
T08,2025-09-24,2025-09-24,2025-10-12,2025-09-11,0,12,257.4,45421,True,True,10,3.66,0.118,322,,,Pepsi,Depot B,70,0,0.791
T09,2025-09-24,2025-09-12,2025-10-20,2025-09-18,0,24,285.6,51030,False,False,4,8.34,0.134,62,,,Google,Depot B,70,0,0.783
T10,2025-09-24,2025-10-14,2025-10-07,2025-09-17,1,0,289.4,69661,False,False,5,2.42,0.041,273,,,CocaCola,Depot B,55,0,0.48
T11,2025-09-24,2025-11-29,2025-10-04,2025-09-14,1,24,342.3,33088,False,False,3,10.52,0.189,43,,,,Running,55,0,0.106
T12,2025-09-24,2025-09-08,2025-09-27,2025-11-16,0,0,360.8,37287,False,False,4,1.3,0.225,331,,,Tata Motors,Depot B,60,0,0.487
T13,2025-09-24,2025-10-03,2025-10-25,2025-09-04,0,0,227.4,75947,False,False,7,3.53,0.44,319,,,Jio,Depot B,50,0,0.28
T14,2025-09-24,2025-11-04,2025-10-25,2025-11-12,0,0,244.9,65413,False,False,1,0.97,0.157,330,,,CocaCola,Depot B,90,1,0.822
T15,2025-09-24,2025-09-28,2025-09-30,2025-10-27,4,0,310.3,57854,False,False,7,5.46,0.766,69,hold_for_maintenance,Auto-hold due to jobcards/high failure,Infosys,Depot B,60,0,0.0
T16,2025-09-24,2025-10-12,2025-10-30,2025-11-04,0,0,253.6,27547,False,False,11,1.06,0.109,280,,,Amazon,Depot B,90,1,0.846
T17,2025-09-24,2025-09-09,2025-10-29,2025-11-08,0,0,357.8,2456,False,False,6,3.95,0.007,307,,,Jio,Running,50,0,0.197
T18,2025-09-24,2025-10-24,2025-10-28,2025-09-07,1,0,282.3,36459,False,False,15,8.88,0.145,14,,,Jio,Running,45,0,0.028
T19,2025-09-24,2025-10-06,2025-09-22,2025-11-13,3,0,378.8,62127,True,False,15,6.56,0.695,214,hold_for_maintenance,Auto-hold due to jobcards/high failure,CocaCola,Depot B,20,0,0.0
T20,2025-09-24,2025-10-18,2025-10-08,2025-11-16,0,0,265.2,73904,False,False,10,15.91,0.384,41,,,Tata Motors,Running,70,1,0.208
T21,2025-09-24,2025-11-18,2025-10-08,2025-11-06,0,0,222.1,87955,False,False,5,6.65,0.334,196,,,Airtel,Depot A,80,1,0.633
T22,2025-09-24,2025-11-18,2025-10-24,2025-11-22,1,0,192.8,35721,False,False,10,7.38,0.046,84,,,Jio,Running,75,1,0.377
T23,2025-09-24,2025-10-27,2025-10-27,2025-11-25,0,0,271.7,49832,False,False,8,12.23,0.235,93,hold_for_maintenance,Auto-hold due to jobcards/high failure,Amazon,Depot A,90,0,0.0
T24,2025-09-24,2025-10-15,2025-09-22,2025-09-07,2,0,354.8,22787,False,False,6,4.75,0.004,219,,,Google,Depot B,55,0,0.448
T25,2025-09-24,2025-11-10,2025-10-16,2025-11-30,3,24,163.1,66999,False,False,12,4.68,0.766,271,hold_for_maintenance,Auto-hold due to jobcards/high failure,Pepsi,Running,60,0,0.0
T01,2025-09-25,2025-11-12,2025-10-17,2025-09-12,4,0,336.6,46189,True,True,9,18.78,0.723,222,hold_for_maintenance,Auto-hold due to jobcards/high failure,Amazon,Depot B,30,0,0.0
T02,2025-09-25,2025-10-14,2025-09-19,2025-10-07,2,0,340.5,43700,False,False,7,3.48,0.193,329,,,Pepsi,Depot B,55,0,0.354
T03,2025-09-25,2025-10-07,2025-10-31,2025-10-14,0,24,200.9,20156,False,False,11,28.19,0.055,74,,,Tata Motors,Depot B,100,1,1.0
T04,2025-09-25,2025-10-20,2025-10-16,2025-10-18,0,0,139.7,48190,True,True,4,4.56,0.182,66,,,Airtel,Depot A,90,1,0.809
T05,2025-09-25,2025-10-09,2025-10-05,2025-11-21,0,8,321.0,40915,True,True,11,9.05,0.155,28,,,CocaCola,Running,90,1,0.673
T06,2025-09-25,2025-09-01,2025-09-04,2025-11-17,1,0,307.5,36914,False,False,4,7.31,0.147,15,,,Amazon,Running,45,0,0.027
T07,2025-09-25,2025-11-12,2025-10-26,2025-10-01,5,0,338.4,24515,False,False,6,7.11,0.718,125,hold_for_maintenance,Auto-hold due to jobcards/high failure,Amazon,Depot B,60,0,0.0
T08,2025-09-25,2025-11-11,2025-09-07,2025-11-06,5,0,265.4,66916,False,False,9,1.58,0.231,245,hold_for_maintenance,Auto-hold due to jobcards/high failure,Pepsi,Running,40,0,0.0
T09,2025-09-25,2025-11-10,2025-09-24,2025-09-26,1,0,354.1,45966,True,False,7,5.16,0.14,68,,,Pepsi,Depot B,45,0,0.13
T10,2025-09-25,2025-11-12,2025-09-20,2025-11-09,0,4,325.1,28267,False,False,5,0.3,0.194,215,,,Google,Depot B,70,0,0.753
T11,2025-09-25,2025-10-03,2025-10-05,2025-11-17,4,0,347.1,50563,True,True,10,23.67,0.562,321,hold_for_maintenance,Auto-hold due to jobcards/high failure,Infosys,Depot B,60,0,0.0
T12,2025-09-25,2025-09-12,2025-09-21,2025-09-27,0,0,306.5,48745,False,False,13,19.42,0.152,192,,,Tata Motors,Running,50,0,0.124
T13,2025-09-25,2025-10-17,2025-10-02,2025-09-17,2,4,321.1,64914,False,False,2,6.8,0.097,320,,,Airtel,Running,55,0,0.252
T14,2025-09-25,2025-10-27,2025-09-19,2025-10-20,0,24,323.3,38139,True,False,4,26.9,0.102,379,,,Pepsi,Running,50,0,0.099
T15,2025-09-25,2025-09-11,2025-10-03,2025-09-17,0,8,229.9,45019,True,True,14,8.49,0.291,72,,,Google,Depot A,60,0,0.605
T16,2025-09-25,2025-10-01,2025-10-07,2025-11-02,3,0,210.6,54725,True,False,3,15.32,0.617,292,hold_for_maintenance,Auto-hold due to jobcards/high failure,Infosys,Depot A,50,0,0.0
T17,2025-09-25,2025-10-03,2025-10-02,2025-10-17,4,4,232.3,28807,True,True,12,10.59,0.437,287,hold_for_maintenance,Auto-hold due to jobcards/high failure,CocaCola,Depot A,80,0,0.0
T18,2025-09-25,2025-10-05,2025-09-10,2025-10-21,0,0,172.7,41508,False,False,8,19.5,0.249,199,,,Infosys,Running,50,0,0.076
T19,2025-09-25,2025-10-04,2025-10-12,2025-10-13,1,24,224.7,20290,True,True,12,30.23,0.245,101,,,Amazon,Depot A,95,1,0.927
T20,2025-09-25,2025-11-05,2025-10-07,2025-10-05,0,0,281.5,42422,True,True,14,0.26,0.232,293,,,Infosys,Running,80,1,0.384
T21,2025-09-25,2025-09-21,2025-09-10,2025-11-26,3,4,322.1,64966,True,True,3,17.96,0.28,302,,,Infosys,Depot A,50,0,0.36
T22,2025-09-25,2025-10-25,2025-10-24,2025-09-24,1,8,212.1,48956,False,False,8,0.99,0.191,198,,,Amazon,Depot A,65,0,0.654
T23,2025-09-25,2025-11-14,2025-10-21,2025-09-21,0,0,442.6,58448,False,False,7,15.88,0.07,398,,,Jio,Running,45,0,0.115
T24,2025-09-25,2025-09-15,2025-09-28,2025-08-30,2,0,369.9,52034,False,False,2,15.94,0.06,376,,,CocaCola,Depot B,55,0,0.42
T25,2025-09-25,2025-10-13,2025-09-12,2025-09-24,0,0,326.8,71703,False,False,14,5.92,0.488,269,,,Airtel,Depot B,50,0,0.256
T01,2025-09-26,2025-09-05,2025-10-14,2025-09-17,0,0,298.1,28368,True,True,8,11.01,0.043,150,hold_for_maintenance,Auto-hold due to jobcards/high failure,CocaCola,Depot A,60,0,0.0
T02,2025-09-26,2025-10-19,2025-10-05,2025-10-17,1,8,258.0,81221,True,True,11,6.38,0.471,368,,,Pepsi,Depot A,85,1,0.715
T03,2025-09-26,2025-10-25,2025-09-16,2025-11-04,0,0,273.4,33264,False,False,11,19.44,0.138,352,,,Infosys,Depot B,60,0,0.531
T04,2025-09-26,2025-09-24,2025-10-30,2025-09-06,1,0,309.7,52274,False,False,5,0.78,0.049,304,,,Tata Motors,Depot B,55,0,0.476
T05,2025-09-26,2025-10-04,2025-10-21,2025-11-19,0,24,365.4,62120,True,True,13,21.46,0.113,21,,,Jio,Running,90,1,0.694
T06,2025-09-26,2025-11-19,2025-09-10,2025-11-09,3,0,339.4,41415,False,False,7,6.06,0.489,49,,,Tata Motors,Running,30,0,0.0
T07,2025-09-26,2025-09-21,2025-10-14,2025-10-27,1,8,380.0,29439,True,True,11,10.98,0.077,339,,,Jio,Depot A,65,0,0.712
T08,2025-09-26,2025-10-08,2025-10-22,2025-11-17,1,0,178.2,37708,False,False,3,11.36,0.128,274,,,Google,Depot B,85,1,0.736
T09,2025-09-26,2025-10-13,2025-10-18,2025-10-15,1,12,382.2,57134,False,False,12,13.38,0.022,60,,,Tata Motors,Running,85,1,0.639
T10,2025-09-26,2025-10-17,2025-10-07,2025-10-04,2,0,231.3,80409,False,False,5,22.3,0.319,162,,,Jio,Running,65,1,0.091
T11,2025-09-26,2025-10-29,2025-10-24,2025-10-25,0,24,366.4,51914,False,False,15,4.56,0.139,200,,,Infosys,Depot A,100,1,1.0
T12,2025-09-26,2025-11-04,2025-09-18,2025-10-03,0,0,407.0,42940,False,False,15,1.14,0.235,291,,,Jio,Depot B,55,0,0.433
T13,2025-09-26,2025-11-30,2025-10-25,2025-09-15,1,0,328.2,35303,True,False,2,3.63,0.253,17,,,Amazon,Depot B,35,0,0.0
T14,2025-09-26,2025-09-29,2025-10-17,2025-09-06,0,4,233.7,45928,False,False,11,17.13,0.067,203,,,Infosys,Running,60,0,0.417
T15,2025-09-26,2025-11-30,2025-09-01,2025-10-23,2,0,182.1,68386,False,False,5,2.04,0.181,267,,,Infosys,Depot A,55,0,0.36
T16,2025-09-26,2025-10-30,2025-09-01,2025-11-20,0,0,306.9,27087,False,False,5,0.14,0.232,32,,,Tata Motors,Depot A,60,0,0.484
T17,2025-09-26,2025-11-05,2025-09-09,2025-10-24,1,24,352.9,42441,False,False,10,11.71,0.213,343,,,Jio,Depot B,65,0,0.643
T18,2025-09-26,2025-09-27,2025-10-01,2025-09-17,0,0,214.7,57988,False,False,12,9.55,0.111,102,,,Jio,Depot A,60,0,0.544
T19,2025-09-26,2025-09-10,2025-09-22,2025-10-31,4,0,336.6,72993,True,True,14,10.8,1.0,186,hold_for_maintenance,Auto-hold due to jobcards/high failure,Infosys,Running,20,0,0.0
T20,2025-09-26,2025-09-14,2025-10-01,2025-10-31,0,4,281.9,42042,False,False,14,9.04,0.291,350,,,CocaCola,Depot A,60,0,0.605
T21,2025-09-26,2025-11-19,2025-09-23,2025-08-30,0,12,223.8,24824,False,False,5,6.57,0.141,170,,,Airtel,Depot B,70,0,0.779
T22,2025-09-26,2025-09-18,2025-10-17,2025-10-26,2,0,358.7,93115,True,False,7,16.66,0.36,13,,,Infosys,Depot A,35,0,0.0
T23,2025-09-26,2025-11-08,2025-09-28,2025-11-08,5,0,238.3,24245,False,False,2,11.36,0.528,395,hold_for_maintenance,Auto-hold due to jobcards/high failure,Tata Motors,Running,50,0,0.0
T24,2025-09-26,2025-10-27,2025-10-17,2025-10-01,0,4,225.3,38454,True,False,4,6.34,0.246,186,,,Pepsi,Depot B,90,1,0.727
T25,2025-09-26,2025-11-10,2025-09-27,2025-11-22,0,4,332.1,50083,False,False,14,2.99,0.079,348,,,Jio,Depot A,100,1,1.0
T01,2025-09-27,2025-09-19,2025-10-16,2025-10-28,0,8,314.4,84381,True,False,8,5.55,0.304,278,,,Airtel,Depot B,50,0,0.298
T02,2025-09-27,2025-09-11,2025-09-01,2025-09-28,0,0,369.3,43398,False,False,12,26.78,0.024,190,,,Amazon,Depot B,60,0,0.588
T03,2025-09-27,2025-10-11,2025-10-09,2025-10-03,1,12,143.9,58222,False,False,5,4.0,0.239,229,,,Infosys,Running,85,1,0.53
T04,2025-09-27,2025-10-29,2025-09-28,2025-10-23,3,0,203.5,50337,True,True,13,5.68,0.401,345,,,Pepsi,Depot A,70,1,0.349
T05,2025-09-27,2025-10-18,2025-09-05,2025-10-11,0,8,233.0,61232,False,False,9,0.44,0.074,67,,,Amazon,Depot A,70,0,0.813
T06,2025-09-27,2025-09-26,2025-09-09,2025-10-28,0,0,317.4,60769,False,False,12,2.46,0.066,273,,,CocaCola,Running,50,0,0.167
T07,2025-09-27,2025-10-07,2025-09-08,2025-11-26,0,0,340.5,22219,True,True,3,10.85,0.067,141,,,Infosys,Depot B,60,0,0.567
T08,2025-09-27,2025-09-07,2025-10-02,2025-09-19,0,4,332.8,59500,False,False,3,15.1,0.056,236,,,Pepsi,Running,60,0,0.422
T09,2025-09-27,2025-10-03,2025-10-10,2025-11-08,0,4,318.4,51223,False,False,5,8.11,0.045,139,,,Airtel,Running,90,1,0.728
T10,2025-09-27,2025-09-29,2025-09-02,2025-09-08,1,0,250.9,31399,True,True,7,4.27,0.155,8,,,Amazon,Depot A,55,0,0.423
T11,2025-09-27,2025-09-09,2025-10-11,2025-09-24,3,24,264.7,41096,True,True,6,6.08,0.287,216,,,Tata Motors,Depot B,50,0,0.357
T12,2025-09-27,2025-10-30,2025-09-03,2025-09-07,0,4,350.3,44150,False,False,12,6.57,0.154,9,,,Amazon,Running,60,0,0.373
T13,2025-09-27,2025-11-17,2025-09-23,2025-09-27,0,24,296.2,17565,False,False,14,0.14,0.012,140,,,Jio,Depot A,70,0,0.844
T14,2025-09-27,2025-10-09,2025-10-19,2025-11-08,2,4,330.8,28967,False,False,11,7.21,0.131,285,,,Infosys,Running,85,1,0.534
T15,2025-09-27,2025-10-28,2025-10-05,2025-10-13,2,0,257.1,51856,False,False,15,2.87,0.02,224,,,Pepsi,Depot B,85,1,0.74
T16,2025-09-27,2025-10-02,2025-10-07,2025-09-15,0,0,116.7,55149,False,False,1,18.09,0.048,243,,,Amazon,Running,50,0,0.176
T17,2025-09-27,2025-09-04,2025-10-07,2025-11-19,1,8,274.1,48413,False,False,14,19.88,0.208,279,,,Google,Depot A,65,0,0.646
T18,2025-09-27,2025-11-14,2025-09-26,2025-09-27,0,0,305.7,43580,False,False,4,4.34,0.239,317,,,Airtel,Depot B,60,0,0.48
T19,2025-09-27,2025-11-06,2025-09-20,2025-09-15,1,0,260.4,33764,True,True,15,6.5,0.088,352,,,Airtel,Running,45,0,0.056
T20,2025-09-27,2025-10-18,2025-09-10,2025-11-09,5,24,395.5,26851,False,False,4,13.01,0.228,356,hold_for_maintenance,Auto-hold due to jobcards/high failure,Amazon,Depot B,60,0,0.0
T21,2025-09-27,2025-09-10,2025-09-13,2025-09-08,0,12,230.6,56499,False,False,1,5.27,0.288,251,,,Tata Motors,Depot A,60,0,0.606
T22,2025-09-27,2025-10-08,2025-09-25,2025-11-05,0,8,319.4,69337,True,False,13,1.31,0.24,360,,,Google,Running,50,0,0.03
T23,2025-09-27,2025-09-17,2025-09-08,2025-09-23,0,12,220.1,43133,False,False,11,5.91,0.262,346,,,CocaCola,Running,50,0,0.219
T24,2025-09-27,2025-10-09,2025-10-07,2025-09-14,5,4,214.6,82846,False,False,3,4.89,0.576,343,hold_for_maintenance,Auto-hold due to jobcards/high failure,Amazon,Running,30,0,0.0
T25,2025-09-27,2025-11-30,2025-10-24,2025-09-08,0,0,326.9,52379,False,False,15,19.98,0.064,131,,,Google,Running,50,0,0.168
T01,2025-09-28,2025-09-03,2025-10-25,2025-11-03,1,0,390.2,44962,False,False,9,13.26,0.046,99,,,Jio,Depot A,55,0,0.477
T02,2025-09-28,2025-09-27,2025-09-15,2025-10-25,0,4,239.6,81800,False,False,14,1.52,0.417,303,,,Infosys,Depot B,60,0,0.541
T03,2025-09-28,2025-09-08,2025-10-30,2025-08-27,0,4,192.7,85254,False,False,12,0.19,0.416,143,,,Tata Motors,Running,50,0,0.142
T04,2025-09-28,2025-11-01,2025-10-26,2025-09-26,2,0,278.4,50978,False,False,3,27.44,0.026,226,,,Google,Running,45,0,0.037
T05,2025-09-28,2025-09-26,2025-10-17,2025-09-24,0,0,292.1,46378,True,False,7,2.81,0.069,353,,,Amazon,Depot B,50,0,0.266
T06,2025-09-28,2025-09-15,2025-09-10,2025-09-13,1,8,311.0,42477,False,False,14,22.97,0.192,93,,,Jio,Depot B,65,0,0.654
T07,2025-09-28,2025-09-20,2025-09-07,2025-11-26,4,12,299.1,27765,False,False,3,14.5,0.089,258,hold_for_maintenance,Auto-hold due to jobcards/high failure,Tata Motors,Running,50,0,0.0
T08,2025-09-28,2025-09-12,2025-09-26,2025-11-16,0,4,300.1,56584,False,False,12,1.73,0.281,376,,,Jio,Depot B,60,0,0.609
T09,2025-09-28,2025-09-18,2025-09-30,2025-10-19,0,0,304.3,87183,False,False,14,26.21,0.527,317,,,Google,Depot A,40,0,0.137
T10,2025-09-28,2025-11-22,2025-10-22,2025-09-27,1,0,417.1,5744,False,False,5,9.93,0.192,139,,,Google,Depot B,50,0,0.354
T11,2025-09-28,2025-10-06,2025-09-05,2025-11-06,2,0,329.6,62108,True,False,4,6.37,0.08,86,,,CocaCola,Depot B,45,0,0.11
T12,2025-09-28,2025-11-21,2025-10-15,2025-09-01,1,0,441.7,47227,False,False,6,5.59,0.04,187,,,Infosys,Depot A,50,0,0.43
T13,2025-09-28,2025-11-12,2025-10-05,2025-10-02,0,4,230.8,37362,False,False,12,16.98,0.256,238,,,CocaCola,Running,80,1,0.522
T14,2025-09-28,2025-09-30,2025-10-26,2025-09-16,0,0,214.0,79827,False,False,12,15.69,0.54,182,,,CocaCola,Depot A,40,0,0.13
T15,2025-09-28,2025-10-07,2025-09-19,2025-09-08,3,0,276.4,64141,True,False,7,1.4,0.524,168,,,CocaCola,Running,10,0,0.0
T16,2025-09-28,2025-10-07,2025-09-02,2025-09-13,0,4,320.7,79811,True,True,11,15.32,0.497,99,,,Amazon,Depot B,60,0,0.501
T17,2025-09-28,2025-11-01,2025-09-22,2025-09-01,2,0,405.1,60771,True,False,10,3.05,0.129,118,,,Google,Depot B,35,0,0.0
T18,2025-09-28,2025-09-29,2025-09-20,2025-09-01,0,0,390.3,68243,False,False,15,0.88,0.018,294,,,Infosys,Depot B,60,0,0.591
T19,2025-09-28,2025-10-04,2025-10-13,2025-10-25,3,8,375.3,54987,False,False,3,1.7,0.62,303,hold_for_maintenance,Auto-hold due to jobcards/high failure,Pepsi,Running,60,0,0.0
T20,2025-09-28,2025-09-03,2025-10-03,2025-10-24,0,4,437.4,46117,True,True,6,11.91,0.077,153,,,CocaCola,Depot B,65,0,0.762
T21,2025-09-28,2025-09-27,2025-09-28,2025-09-03,1,12,354.9,28585,False,False,15,3.06,0.225,88,,,Tata Motors,Depot A,65,0,0.637
T22,2025-09-28,2025-11-26,2025-09-25,2025-09-29,3,0,274.1,0,False,False,15,12.37,0.76,327,hold_for_maintenance,Auto-hold due to jobcards/high failure,Tata Motors,Running,20,0,0.0
T23,2025-09-28,2025-10-23,2025-09-25,2025-11-10,0,0,302.1,114,True,True,1,14.25,0.277,70,,,Airtel,Depot A,50,0,0.361
T24,2025-09-28,2025-11-16,2025-10-07,2025-09-11,0,0,183.2,46201,True,False,4,14.55,0.121,396,,,Airtel,Depot B,50,0,0.239
T25,2025-09-28,2025-10-13,2025-09-26,2025-11-24,0,4,230.3,51315,False,False,6,10.67,0.017,274,,,Amazon,Depot A,70,0,0.842
T01,2025-09-29,2025-11-04,2025-10-02,2025-10-14,0,0,357.3,62878,False,False,11,5.19,0.114,301,,,Tata Motors,Depot B,90,1,0.843
T02,2025-09-29,2025-09-18,2025-10-12,2025-08-29,0,0,369.2,54174,False,False,15,21.7,0.117,26,,,Infosys,Running,50,0,0.142
T03,2025-09-29,2025-11-03,2025-09-12,2025-10-05,0,0,461.6,68430,False,False,1,0.14,0.014,353,,,Tata Motors,Depot B,50,0,0.493
T04,2025-09-29,2025-11-10,2025-09-30,2025-11-25,4,0,257.9,36857,True,True,11,11.44,0.347,122,hold_for_maintenance,Auto-hold due to jobcards/high failure,Pepsi,Running,60,0,0.0
T05,2025-09-29,2025-11-28,2025-09-27,2025-09-12,0,24,333.4,98367,False,False,2,8.97,0.434,39,,,Amazon,Depot B,60,0,0.533
T06,2025-09-29,2025-11-03,2025-09-27,2025-10-05,0,0,283.9,76897,False,False,10,0.75,0.582,152,,,Jio,Depot B,40,0,0.109
T07,2025-09-29,2025-09-20,2025-09-10,2025-11-24,0,0,236.3,68231,True,True,11,12.32,0.007,18,,,CocaCola,Running,50,0,0.197
T08,2025-09-29,2025-11-17,2025-09-07,2025-09-21,3,0,333.1,62387,True,False,5,11.81,0.756,212,hold_for_maintenance,Auto-hold due to jobcards/high failure,Tata Motors,Depot A,20,0,0.0
T09,2025-09-29,2025-09-06,2025-10-26,2025-11-15,4,0,374.4,68128,False,False,1,14.36,0.64,138,hold_for_maintenance,Auto-hold due to jobcards/high failure,Pepsi,Depot B,30,0,0.0
T10,2025-09-29,2025-09-01,2025-10-22,2025-10-11,3,0,268.8,38380,False,False,4,7.64,0.787,60,hold_for_maintenance,Auto-hold due to jobcards/high failure,CocaCola,Running,20,0,0.0
T11,2025-09-29,2025-09-14,2025-09-26,2025-11-22,2,12,351.1,56023,False,False,1,19.7,0.25,197,,,Airtel,Depot B,55,0,0.475
T12,2025-09-29,2025-09-02,2025-10-29,2025-10-19,2,0,292.6,101482,False,False,13,3.46,0.406,321,,,CocaCola,Running,35,0,0.0
T13,2025-09-29,2025-09-18,2025-10-24,2025-08-31,1,4,262.6,46233,False,False,5,4.8,0.111,97,,,Tata Motors,Running,55,0,0.295
T14,2025-09-29,2025-10-02,2025-09-07,2025-10-30,0,0,292.7,47443,False,False,9,9.13,0.125,15,,,Jio,Depot B,60,0,0.537
T15,2025-09-29,2025-11-17,2025-09-24,2025-08-27,1,0,218.9,5053,False,False,2,20.04,0.065,7,,,Jio,Depot B,55,0,0.468
T16,2025-09-29,2025-09-07,2025-10-19,2025-09-30,0,8,391.1,91748,False,False,15,4.23,0.342,13,,,Infosys,Depot B,60,0,0.579
T17,2025-09-29,2025-11-25,2025-09-21,2025-11-03,0,0,261.1,99334,False,False,11,6.21,0.489,308,,,Google,Running,40,0,0.0
T18,2025-09-29,2025-09-17,2025-09-06,2025-11-06,3,0,242.2,56276,True,True,1,5.68,0.259,392,,,Pepsi,Running,30,0,0.0
T19,2025-09-29,2025-11-04,2025-09-06,2025-09-26,0,0,313.3,60244,False,False,11,8.72,0.285,104,,,Tata Motors,Depot B,50,0,0.358
T20,2025-09-29,2025-11-05,2025-09-08,2025-10-05,0,8,222.6,30755,False,False,15,0.8,0.008,214,,,Airtel,Depot B,70,0,0.846
T21,2025-09-29,2025-10-15,2025-09-23,2025-10-04,0,0,293.8,22544,False,False,10,9.98,0.121,334,,,Tata Motors,Depot A,60,0,0.539
T22,2025-09-29,2025-10-21,2025-10-09,2025-10-17,1,12,349.1,41869,False,False,10,16.31,0.111,142,,,Jio,Running,85,1,0.595
T23,2025-09-29,2025-10-19,2025-09-13,2025-09-03,0,0,265.1,44410,False,False,2,28.4,0.18,102,,,Infosys,Depot B,60,0,0.51
T24,2025-09-29,2025-10-13,2025-09-19,2025-09-19,4,24,182.5,36554,True,False,1,12.68,0.602,386,hold_for_maintenance,Auto-hold due to jobcards/high failure,Airtel,Depot B,30,0,0.0
T25,2025-09-29,2025-10-01,2025-10-11,2025-09-22,2,0,475.7,38991,False,False,5,11.91,0.079,323,,,CocaCola,Depot B,50,0,0.361
T01,2025-09-30,2025-09-19,2025-10-17,2025-11-23,0,8,345.9,65749,False,False,14,3.41,0.104,299,,,Infosys,Running,60,0,0.398
T02,2025-09-30,2025-11-16,2025-10-29,2025-09-14,2,0,309.1,42275,False,False,4,15.83,0.159,251,,,Jio,Depot A,55,0,0.371
T03,2025-09-30,2025-10-08,2025-09-08,2025-11-24,0,8,360.5,58957,False,False,2,10.29,0.287,59,,,Amazon,Running,50,0,0.207
T04,2025-09-30,2025-11-08,2025-09-18,2025-09-16,0,0,357.2,57526,True,False,4,7.34,0.047,118,,,Google,Depot A,50,0,0.276
T05,2025-09-30,2025-10-17,2025-09-28,2025-11-21,5,12,333.0,48835,False,False,3,9.83,0.171,23,hold_for_maintenance,Auto-hold due to jobcards/high failure,Jio,Depot B,60,0,0.0
T06,2025-09-30,2025-10-16,2025-09-23,2025-11-07,0,0,270.3,19899,False,False,9,15.14,0.183,196,,,Jio,Depot A,60,0,0.508
T07,2025-09-30,2025-11-25,2025-09-30,2025-08-28,0,8,253.3,39362,False,False,3,9.5,0.013,201,,,Google,Depot B,70,0,0.844
T08,2025-09-30,2025-11-23,2025-10-12,2025-10-02,0,0,418.5,12688,False,False,14,25.37,0.167,334,,,Airtel,Depot A,85,1,0.766
T09,2025-09-30,2025-10-20,2025-10-17,2025-09-26,1,0,287.4,16152,True,False,10,7.44,0.155,131,,,Pepsi,Depot B,45,0,0.122
T10,2025-09-30,2025-09-02,2025-09-02,2025-09-14,0,4,337.2,74221,False,False,3,11.21,0.492,23,,,Infosys,Depot B,60,0,0.504
T11,2025-09-30,2025-10-06,2025-10-07,2025-10-04,5,0,275.9,33908,False,False,8,2.67,0.141,336,hold_for_maintenance,Auto-hold due to jobcards/high failure,Jio,Running,70,0,0.0
T12,2025-09-30,2025-10-16,2025-10-31,2025-09-22,0,8,403.4,5068,False,False,14,0.87,0.168,320,,,Pepsi,Running,55,0,0.316
T13,2025-09-30,2025-10-15,2025-09-16,2025-10-27,4,24,329.6,68645,False,False,11,16.85,0.606,384,hold_for_maintenance,Auto-hold due to jobcards/high failure,Google,Running,30,0,0.0
T14,2025-09-30,2025-09-13,2025-10-20,2025-10-20,1,4,305.9,59421,False,False,5,2.64,0.085,376,,,Infosys,Depot B,65,0,0.708
T15,2025-09-30,2025-11-05,2025-10-01,2025-10-26,1,12,466.7,68006,True,True,4,3.35,0.1,310,,,Pepsi,Running,75,1,0.5
T16,2025-09-30,2025-09-12,2025-10-11,2025-09-19,0,0,271.5,68600,False,False,13,13.78,0.228,339,,,Airtel,Depot B,60,0,0.486
T17,2025-09-30,2025-09-12,2025-09-23,2025-10-16,3,24,188.9,46898,False,False,15,3.62,0.304,288,,,CocaCola,Depot B,50,0,0.348
T18,2025-09-30,2025-09-08,2025-09-07,2025-08-28,0,4,226.4,3342,False,False,2,3.75,0.131,377,,,Jio,Depot A,70,0,0.784
T19,2025-09-30,2025-10-13,2025-10-02,2025-10-26,0,12,244.8,34073,True,False,9,11.91,0.072,161,,,Jio,Running,80,1,0.414
T20,2025-09-30,2025-11-06,2025-09-29,2025-09-13,0,0,271.6,39516,False,False,1,8.33,0.207,378,,,Google,Running,50,0,0.097
T21,2025-09-30,2025-09-19,2025-09-20,2025-09-30,0,24,223.8,28167,True,True,15,9.73,0.177,309,,,Pepsi,Running,60,0,0.361
T22,2025-09-30,2025-09-25,2025-09-01,2025-09-26,0,0,202.5,41689,False,False,10,39.09,0.003,326,,,Google,Depot A,60,0,0.599
T23,2025-09-30,2025-11-05,2025-09-21,2025-11-05,3,0,234.3,37889,False,False,9,13.19,0.247,247,,,Pepsi,Depot B,50,0,0.226
T24,2025-09-30,2025-11-27,2025-10-05,2025-10-25,0,0,268.9,28704,False,False,1,1.1,0.143,252,,,Infosys,Depot A,90,1,0.829
T25,2025-09-30,2025-10-02,2025-09-08,2025-09-14,0,24,308.2,52525,False,False,8,4.05,0.26,23,,,Infosys,Depot A,60,0,0.62
